node_id,time,reading
WAF1A,9/10/2020 13:15,0
WAF1A,9/10/2020 13:30,0
WAF1A,9/10/2020 13:45,0
WAF1A,9/10/2020 14:00,0
WAF1A,9/10/2020 14:15,0
WAF1A,9/10/2020 14:30,0
WAF1A,9/10/2020 14:45,0
WAF1A,9/10/2020 15:00,0
WAF1A,9/10/2020 15:15,0
WAF1A,9/10/2020 15:30,0
WAF1A,9/10/2020 15:45,0
WAF1A,9/10/2020 16:00,0
WAF1A,9/10/2020 16:15,0
WAF1A,9/10/2020 16:30,0
WAF1A,9/10/2020 16:45,0
WAF1A,9/10/2020 17:00,0
WAF1A,9/10/2020 17:15,0
WAF1A,9/10/2020 17:30,0
WAF1A,9/10/2020 17:45,0
WAF1A,9/10/2020 18:00,0
WAF1A,9/10/2020 18:15,0
WAF1A,9/10/2020 18:30,0
WAF1A,9/10/2020 18:45,0
WAF1A,9/10/2020 19:00,0
WAF1A,9/10/2020 19:15,0
WAF1A,9/10/2020 19:30,0
WAF1A,9/10/2020 19:45,0
WAF1A,9/10/2020 20:00,0
WAF1A,9/10/2020 20:15,0
WAF1A,9/10/2020 20:30,0
WAF1A,9/10/2020 20:45,0
WAF1A,9/10/2020 21:00,0
WAF1A,9/10/2020 21:15,0
WAF1A,9/10/2020 21:30,0
WAF1A,9/10/2020 21:45,0
WAF1A,9/10/2020 22:00,0
WAF1A,9/10/2020 22:15,0
WAF1A,9/10/2020 22:30,0
WAF1A,9/10/2020 22:45,0
WAF1A,9/10/2020 23:00,0
WAF1A,9/10/2020 23:15,0
WAF1A,9/10/2020 23:30,0
WAF1A,9/10/2020 23:45,0
WAF1A,9/11/2020 0:00,0
WAF1A,9/11/2020 0:15,0
WAF1A,9/11/2020 0:30,0
WAF1A,9/11/2020 0:45,0
WAF1A,9/11/2020 1:00,0
WAF1A,9/11/2020 1:15,0
WAF1A,9/11/2020 1:30,0
WAF1A,9/11/2020 1:45,0
WAF1A,9/11/2020 2:00,0
WAF1A,9/11/2020 2:15,0
WAF1A,9/11/2020 2:30,0
WAF1A,9/11/2020 2:45,0
WAF1A,9/11/2020 3:00,0
WAF1A,9/11/2020 3:15,0
WAF1A,9/11/2020 3:30,0
WAF1A,9/11/2020 3:45,0
WAF1A,9/11/2020 4:00,0
WAF1A,9/11/2020 4:15,0
WAF1A,9/11/2020 4:30,0
WAF1A,9/11/2020 4:45,0
WAF1A,9/11/2020 5:00,0
WAF1A,9/11/2020 5:15,0
WAF1A,9/11/2020 5:30,0
WAF1A,9/11/2020 5:45,0
WAF1A,9/11/2020 6:00,0
WAF1A,9/11/2020 6:15,0
WAF1A,9/11/2020 6:30,0
WAF1A,9/11/2020 6:45,0
WAF1A,9/11/2020 7:00,0
WAF1A,9/11/2020 7:15,0
WAF1A,9/11/2020 7:30,0
WAF1A,9/11/2020 7:45,0
WAF1A,9/11/2020 8:00,0
WAF1A,9/11/2020 8:15,0
WAF1A,9/11/2020 8:30,0
WAF1A,9/11/2020 8:45,0
WAF1A,9/11/2020 9:00,0
WAF1A,9/11/2020 9:15,0
WAF1A,9/11/2020 9:30,0
WAF1A,9/11/2020 9:45,0
WAF1A,9/11/2020 10:00,0
WAF1A,9/11/2020 10:15,0
WAF1A,9/11/2020 10:30,0
WAF1A,9/11/2020 10:45,0
WAF1A,9/11/2020 11:00,0
WAF1A,9/11/2020 11:15,0
WAF1A,9/11/2020 11:30,0
WAF1A,9/11/2020 11:45,0
WAF1A,9/11/2020 12:00,0
WAF1A,9/11/2020 12:15,0
WAF1A,9/11/2020 12:30,0
WAF1A,9/11/2020 12:45,0
WAF1A,9/11/2020 13:00,0
WAF1A,9/11/2020 13:15,0
WAF1A,9/11/2020 13:30,0
WAF1A,9/11/2020 13:45,0
WAF1A,9/11/2020 14:00,0
WAF1A,9/11/2020 14:15,0
WAF1A,9/11/2020 14:30,0
WAF1A,9/11/2020 14:45,0
WAF1A,9/11/2020 15:00,0
WAF1A,9/11/2020 15:15,0
WAF1A,9/11/2020 15:30,0
WAF1A,9/11/2020 15:45,0
WAF1A,9/11/2020 16:00,0
WAF1A,9/11/2020 16:15,0
WAF1A,9/11/2020 16:30,0
WAF1A,9/11/2020 16:45,0
WAF1A,9/11/2020 17:00,0
WAF1A,9/11/2020 17:15,0
WAF1A,9/11/2020 17:30,0
WAF1A,9/11/2020 17:45,0
WAF1A,9/11/2020 18:00,0
WAF1A,9/11/2020 18:15,0
WAF1A,9/11/2020 18:30,0
WAF1A,9/11/2020 18:45,0
WAF1A,9/11/2020 19:00,0
WAF1A,9/11/2020 19:15,0
WAF1A,9/11/2020 19:30,0
WAF1A,9/11/2020 19:45,0
WAF1A,9/11/2020 20:00,0
WAF1A,9/11/2020 20:15,0
WAF1A,9/11/2020 20:30,0
WAF1A,9/11/2020 20:45,0
WAF1A,9/11/2020 21:00,0
WAF1A,9/11/2020 21:15,0
WAF1A,9/11/2020 21:30,0
WAF1A,9/11/2020 21:45,0
WAF1A,9/11/2020 22:00,0
WAF1A,9/11/2020 22:15,0
WAF1A,9/11/2020 22:30,0
WAF1A,9/11/2020 22:45,0
WAF1A,9/11/2020 23:00,0
WAF1A,9/11/2020 23:15,0
WAF1A,9/11/2020 23:30,0
WAF1A,9/11/2020 23:45,0
WAF1A,9/12/2020 0:00,0
WAF1A,9/12/2020 0:15,0
WAF1A,9/12/2020 0:30,0
WAF1A,9/12/2020 0:45,0
WAF1A,9/12/2020 1:00,0
WAF1A,9/12/2020 1:15,0
WAF1A,9/12/2020 1:30,0
WAF1A,9/12/2020 1:45,0
WAF1A,9/12/2020 2:00,0
WAF1A,9/12/2020 2:15,0
WAF1A,9/12/2020 2:30,0
WAF1A,9/12/2020 2:45,0
WAF1A,9/12/2020 3:00,0
WAF1A,9/12/2020 3:15,0
WAF1A,9/12/2020 3:30,0
WAF1A,9/12/2020 3:45,0
WAF1A,9/12/2020 4:00,0
WAF1A,9/12/2020 4:15,0
WAF1A,9/12/2020 4:30,0
WAF1A,9/12/2020 4:45,0
WAF1A,9/12/2020 5:00,0
WAF1A,9/12/2020 5:15,0
WAF1A,9/12/2020 5:30,0
WAF1A,9/12/2020 5:45,0
WAF1A,9/12/2020 6:00,0
WAF1A,9/12/2020 6:15,0
WAF1A,9/12/2020 6:30,0
WAF1A,9/12/2020 6:45,0
WAF1A,9/12/2020 7:00,0
WAF1A,9/12/2020 7:15,0
WAF1A,9/12/2020 7:30,0
WAF1A,9/12/2020 7:45,0
WAF1A,9/12/2020 8:00,0
WAF1A,9/12/2020 8:15,0
WAF1A,9/12/2020 8:30,0
WAF1A,9/12/2020 8:45,0
WAF1A,9/12/2020 9:00,0
WAF1A,9/12/2020 9:15,0
WAF1A,9/12/2020 9:30,0
WAF1A,9/12/2020 9:45,0
WAF1A,9/12/2020 10:00,0
WAF1A,9/12/2020 10:15,0
WAF1A,9/12/2020 10:30,0
WAF1A,9/12/2020 10:45,0
WAF1A,9/12/2020 11:00,0
WAF1A,9/12/2020 11:15,0
WAF1A,9/12/2020 11:30,0
WAF1A,9/12/2020 11:45,0
WAF1A,9/12/2020 12:00,0
WAF1A,9/12/2020 12:15,0
WAF1A,9/12/2020 12:30,0
WAF1A,9/12/2020 12:45,0
WAF1A,9/12/2020 13:00,0
WAF1A,9/12/2020 13:15,0
WAF1A,9/12/2020 13:30,0
WAF1A,9/12/2020 13:45,0
WAF1A,9/12/2020 14:00,0
WAF1A,9/12/2020 14:15,0
WAF1A,9/12/2020 14:30,0
WAF1A,9/12/2020 14:45,0
WAF1A,9/12/2020 15:00,0
WAF1A,9/12/2020 15:15,0
WAF1A,9/12/2020 15:30,0
WAF1A,9/12/2020 15:45,0
WAF1A,9/12/2020 16:00,0
WAF1A,9/12/2020 16:15,0
WAF1A,9/12/2020 16:30,0
WAF1A,9/12/2020 16:45,0
WAF1A,9/12/2020 17:00,0
WAF1A,9/12/2020 17:15,0
WAF1A,9/12/2020 17:30,0
WAF1A,9/12/2020 17:45,0
WAF1A,9/12/2020 18:00,0
WAF1A,9/12/2020 18:15,0
WAF1A,9/12/2020 18:30,0
WAF1A,9/12/2020 18:45,0
WAF1A,9/12/2020 19:00,0
WAF1A,9/12/2020 19:15,0
WAF1A,9/12/2020 19:30,0
WAF1A,9/12/2020 19:45,0
WAF1A,9/12/2020 20:00,0
WAF1A,9/12/2020 20:15,0
WAF1A,9/12/2020 20:30,0
WAF1A,9/12/2020 20:45,0
WAF1A,9/12/2020 21:00,0
WAF1A,9/12/2020 21:15,0
WAF1A,9/12/2020 21:30,0
WAF1A,9/12/2020 21:45,0
WAF1A,9/12/2020 22:00,0
WAF1A,9/12/2020 22:15,0
WAF1A,9/12/2020 22:30,0
WAF1A,9/12/2020 22:45,0
WAF1A,9/12/2020 23:00,0
WAF1A,9/12/2020 23:15,0
WAF1A,9/12/2020 23:30,0
WAF1A,9/12/2020 23:45,0
WAF1A,9/13/2020 0:00,0
WAF1A,9/13/2020 0:15,0
WAF1A,9/13/2020 0:30,0
WAF1A,9/13/2020 0:45,0
WAF1A,9/13/2020 1:00,0
WAF1A,9/13/2020 1:15,0
WAF1A,9/13/2020 1:30,0
WAF1A,9/13/2020 1:45,0
WAF1A,9/13/2020 2:00,0
WAF1A,9/13/2020 2:15,0
WAF1A,9/13/2020 2:30,0
WAF1A,9/13/2020 2:45,0
WAF1A,9/13/2020 3:00,0
WAF1A,9/13/2020 3:15,0
WAF1A,9/13/2020 3:30,0
WAF1A,9/13/2020 3:45,0
WAF1A,9/13/2020 4:00,0
WAF1A,9/13/2020 4:15,0
WAF1A,9/13/2020 4:30,0
WAF1A,9/13/2020 4:45,0
WAF1A,9/13/2020 5:00,0
WAF1A,9/13/2020 5:15,0
WAF1A,9/13/2020 5:30,0
WAF1A,9/13/2020 5:45,0
WAF1A,9/13/2020 6:00,0
WAF1A,9/13/2020 6:15,0
WAF1A,9/13/2020 6:30,0
WAF1A,9/13/2020 6:45,0
WAF1A,9/13/2020 7:00,0
WAF1A,9/13/2020 7:15,0
WAF1A,9/13/2020 7:30,0
WAF1A,9/13/2020 7:45,0
WAF1A,9/13/2020 8:00,0
WAF1A,9/13/2020 8:15,0
WAF1A,9/13/2020 8:30,0
WAF1A,9/13/2020 8:45,0
WAF1A,9/13/2020 9:00,0
WAF1A,9/13/2020 9:15,0
WAF1A,9/13/2020 9:30,0
WAF1A,9/13/2020 9:45,0
WAF1A,9/13/2020 10:00,0
WAF1A,9/13/2020 10:15,0
WAF1A,9/13/2020 10:30,0
WAF1A,9/13/2020 10:45,0
WAF1A,9/13/2020 11:00,0
WAF1A,9/13/2020 11:15,0
WAF1A,9/13/2020 11:30,0
WAF1A,9/13/2020 11:45,0
WAF1A,9/13/2020 12:00,0
WAF1A,9/13/2020 12:15,0
WAF1A,9/13/2020 12:30,0
WAF1A,9/13/2020 12:45,0
WAF1A,9/13/2020 13:00,0
WAF1A,9/13/2020 13:15,0
WAF1A,9/13/2020 13:30,0
WAF1A,9/13/2020 13:45,0
WAF1A,9/13/2020 14:00,0
WAF1A,9/13/2020 14:15,0
WAF1A,9/13/2020 14:30,0
WAF1A,9/13/2020 14:45,0
WAF1A,9/13/2020 15:00,0
WAF1A,9/13/2020 15:15,0
WAF1A,9/13/2020 15:30,0
WAF1A,9/13/2020 15:45,0
WAF1A,9/13/2020 16:00,0
WAF1A,9/13/2020 16:15,0
WAF1A,9/13/2020 16:30,0
WAF1A,9/13/2020 16:45,0
WAF1A,9/13/2020 17:00,0
WAF1A,9/13/2020 17:15,0
WAF1A,9/13/2020 17:30,0
WAF1A,9/13/2020 17:45,0
WAF1A,9/13/2020 18:00,0
WAF1A,9/13/2020 18:15,0
WAF1A,9/13/2020 18:30,0
WAF1A,9/13/2020 18:45,0
WAF1A,9/13/2020 19:00,0
WAF1A,9/13/2020 19:15,0
WAF1A,9/13/2020 19:30,0
WAF1A,9/13/2020 19:45,0
WAF1A,9/13/2020 20:00,0
WAF1A,9/13/2020 20:15,0
WAF1A,9/13/2020 20:30,0
WAF1A,9/13/2020 20:45,0
WAF1A,9/13/2020 21:00,0
WAF1A,9/13/2020 21:15,0
WAF1A,9/13/2020 21:30,0
WAF1A,9/13/2020 21:45,0
WAF1A,9/13/2020 22:00,0
WAF1A,9/13/2020 22:15,0
WAF1A,9/13/2020 22:30,0
WAF1A,9/13/2020 22:45,0
WAF1A,9/13/2020 23:00,0
WAF1A,9/13/2020 23:15,0
WAF1A,9/13/2020 23:30,0
WAF1A,9/13/2020 23:45,0
WAF1A,9/14/2020 0:00,0
WAF1A,9/14/2020 0:15,0
WAF1A,9/14/2020 0:30,0
WAF1A,9/14/2020 0:45,0
WAF1A,9/14/2020 1:00,0
WAF1A,9/14/2020 1:15,0
WAF1A,9/14/2020 1:30,0
WAF1A,9/14/2020 1:45,0
WAF1A,9/14/2020 2:00,0
WAF1A,9/14/2020 2:15,0
WAF1A,9/14/2020 2:30,0
WAF1A,9/14/2020 2:45,0
WAF1A,9/14/2020 3:00,0
WAF1A,9/14/2020 3:15,0
WAF1A,9/14/2020 3:30,0
WAF1A,9/14/2020 3:45,0
WAF1A,9/14/2020 4:00,0
WAF1A,9/14/2020 4:15,0
WAF1A,9/14/2020 4:30,0
WAF1A,9/14/2020 4:45,0
WAF1A,9/14/2020 5:00,0
WAF1A,9/14/2020 5:15,0
WAF1A,9/14/2020 5:30,0
WAF1A,9/14/2020 5:45,0
WAF1A,9/14/2020 6:00,0
WAF1A,9/14/2020 6:15,0
WAF1A,9/14/2020 6:30,0
WAF1A,9/14/2020 6:45,0
WAF1A,9/14/2020 7:00,0
WAF1A,9/14/2020 7:15,0
WAF1A,9/14/2020 7:30,0
WAF1A,9/14/2020 7:45,0
WAF1A,9/14/2020 8:00,0
WAF1A,9/14/2020 8:15,0
WAF1A,9/14/2020 8:30,0
WAF1A,9/14/2020 8:45,0
WAF1A,9/14/2020 9:00,0
WAF1A,9/14/2020 9:15,0
WAF1A,9/14/2020 9:30,0
WAF1A,9/14/2020 9:45,0
WAF1A,9/14/2020 10:00,0
WAF1A,9/14/2020 10:15,0
WAF1A,9/14/2020 10:30,0
WAF1A,9/14/2020 10:45,0
WAF1A,9/14/2020 11:00,0
WAF1A,9/14/2020 11:15,0
WAF1A,9/14/2020 11:30,0
WAF1A,9/14/2020 11:45,0
WAF1A,9/14/2020 12:00,0
WAF1A,9/14/2020 12:15,0
WAF1A,9/14/2020 12:30,0
WAF1A,9/14/2020 12:45,0
WAF1A,9/14/2020 13:00,0
WAF1A,9/14/2020 13:15,0
WAF1A,9/14/2020 13:30,0
WAF1A,9/14/2020 13:45,0
WAF1A,9/14/2020 14:00,0
WAF1A,9/14/2020 14:15,0
WAF1A,9/14/2020 14:30,0
WAF1A,9/14/2020 14:45,0
WAF1A,9/14/2020 15:00,0
WAF1A,9/14/2020 15:15,0
WAF1A,9/14/2020 15:30,136
WAF1A,9/14/2020 15:45,138
WAF1A,9/14/2020 16:00,135
WAF1A,9/14/2020 16:15,137
WAF1A,9/14/2020 16:30,136
WAF1A,9/14/2020 16:45,129
WAF1A,9/14/2020 17:00,130
WAF1A,9/14/2020 17:15,132
WAF1A,9/14/2020 17:30,131
WAF1A,9/14/2020 17:45,130
WAF1A,9/14/2020 18:00,128
WAF1A,9/14/2020 18:15,128
WAF1A,9/14/2020 18:30,128
WAF1A,9/14/2020 18:45,128
WAF1A,9/14/2020 19:00,126
WAF1A,9/14/2020 19:15,126
WAF1A,9/14/2020 19:30,125
WAF1A,9/14/2020 19:45,127
WAF1A,9/14/2020 20:00,127
WAF1A,9/14/2020 20:15,125
WAF1A,9/14/2020 20:30,124
WAF1A,9/14/2020 20:45,127
WAF1A,9/14/2020 21:00,125
WAF1A,9/14/2020 21:15,123
WAF1A,9/14/2020 21:30,122
WAF1A,9/14/2020 21:45,121
WAF1A,9/14/2020 22:00,122
WAF1A,9/14/2020 22:15,122
WAF1A,9/14/2020 22:30,119
WAF1A,9/14/2020 22:45,120
WAF1A,9/14/2020 23:00,120
WAF1A,9/14/2020 23:15,119
WAF1A,9/14/2020 23:30,118
WAF1A,9/14/2020 23:45,119
WAF1A,9/15/2020 0:00,119
WAF1A,9/15/2020 0:15,118
WAF1A,9/15/2020 0:30,118
WAF1A,9/15/2020 0:45,119
WAF1A,9/15/2020 1:00,116
WAF1A,9/15/2020 1:15,118
WAF1A,9/15/2020 1:30,119
WAF1A,9/15/2020 1:45,116
WAF1A,9/15/2020 2:00,117
WAF1A,9/15/2020 2:15,119
WAF1A,9/15/2020 2:30,118
WAF1A,9/15/2020 2:45,119
WAF1A,9/15/2020 3:00,116
WAF1A,9/15/2020 3:15,117
WAF1A,9/15/2020 3:30,117
WAF1A,9/15/2020 3:45,119
WAF1A,9/15/2020 4:00,118
WAF1A,9/15/2020 4:15,118
WAF1A,9/15/2020 4:30,121
WAF1A,9/15/2020 4:45,119
WAF1A,9/15/2020 5:00,120
WAF1A,9/15/2020 5:15,122
WAF1A,9/15/2020 5:30,121
WAF1A,9/15/2020 5:45,124
WAF1A,9/15/2020 6:00,124
WAF1A,9/15/2020 6:15,125
WAF1A,9/15/2020 6:30,124
WAF1A,9/15/2020 6:45,125
WAF1A,9/15/2020 7:00,123
WAF1A,9/15/2020 7:15,126
WAF1A,9/15/2020 7:30,125
WAF1A,9/15/2020 7:45,124
WAF1A,9/15/2020 8:00,128
WAF1A,9/15/2020 8:15,128
WAF1A,9/15/2020 8:30,126
WAF1A,9/15/2020 8:45,127
WAF1A,9/15/2020 9:00,128
WAF1A,9/15/2020 9:15,127
WAF1A,9/15/2020 9:30,127
WAF1A,9/15/2020 9:45,198
WAF1A,9/15/2020 10:00,200
WAF1A,9/15/2020 10:15,201
WAF1A,9/15/2020 10:30,200
WAF1A,9/15/2020 10:45,203
WAF1A,9/15/2020 11:00,202
WAF1A,9/15/2020 11:15,203
WAF1A,9/15/2020 11:30,202
WAF1A,9/15/2020 11:45,203
WAF1A,9/15/2020 12:00,206
WAF1A,9/15/2020 12:15,201
WAF1A,9/15/2020 12:30,203
WAF1A,9/15/2020 12:45,200
WAF1A,9/15/2020 13:00,206
WAF1A,9/15/2020 13:15,207
WAF1A,9/15/2020 13:30,204
WAF1A,9/15/2020 13:45,203
WAF1A,9/15/2020 14:00,205
WAF1A,9/15/2020 14:15,204
WAF1A,9/15/2020 14:30,203
WAF1A,9/15/2020 14:45,201
WAF1A,9/15/2020 15:00,28
WAF1A,9/15/2020 15:15,30
WAF1A,9/15/2020 15:30,29
WAF1A,9/15/2020 15:45,28
WAF1A,9/15/2020 16:00,30
WAF1A,9/15/2020 16:15,29
WAF1A,9/15/2020 16:30,29
WAF1A,9/15/2020 16:45,29
WAF1A,9/15/2020 17:00,28
WAF1A,9/15/2020 17:15,29
WAF1A,9/15/2020 17:30,29
WAF1A,9/15/2020 17:45,29
WAF1A,9/15/2020 18:00,28
WAF1A,9/15/2020 18:15,28
WAF1A,9/15/2020 18:30,27
WAF1A,9/15/2020 18:45,28
WAF1A,9/15/2020 19:00,27
WAF1A,9/15/2020 19:15,28
WAF1A,9/15/2020 19:30,28
WAF1A,9/15/2020 19:45,27
WAF1A,9/15/2020 20:00,28
WAF1A,9/15/2020 20:15,29
WAF1A,9/15/2020 20:30,31
WAF1A,9/15/2020 20:45,30
WAF1A,9/15/2020 21:00,30
WAF1A,9/15/2020 21:15,30
WAF1A,9/15/2020 21:30,28
WAF1A,9/15/2020 21:45,30
WAF1A,9/15/2020 22:00,30
WAF1A,9/15/2020 22:15,29
WAF1A,9/15/2020 22:30,29
WAF1A,9/15/2020 22:45,29
WAF1A,9/15/2020 23:00,29
WAF1A,9/15/2020 23:15,28
WAF1A,9/15/2020 23:30,28
WAF1A,9/15/2020 23:45,27
WAF1A,9/16/2020 0:00,27
WAF1A,9/16/2020 0:15,27
WAF1A,9/16/2020 0:30,27
WAF1A,9/16/2020 0:45,26
WAF1A,9/16/2020 1:00,26
WAF1A,9/16/2020 1:15,25
WAF1A,9/16/2020 1:30,26
WAF1A,9/16/2020 1:45,25
WAF1A,9/16/2020 2:00,25
WAF1A,9/16/2020 2:15,25
WAF1A,9/16/2020 2:30,25
WAF1A,9/16/2020 2:45,24
WAF1A,9/16/2020 3:00,25
WAF1A,9/16/2020 3:15,25
WAF1A,9/16/2020 3:30,25
WAF1A,9/16/2020 3:45,25
WAF1A,9/16/2020 4:00,25
WAF1A,9/16/2020 4:15,25
WAF1A,9/16/2020 4:30,25
WAF1A,9/16/2020 4:45,24
WAF1A,9/16/2020 5:00,24
WAF1A,9/16/2020 5:15,25
WAF1A,9/16/2020 5:30,24
WAF1A,9/16/2020 5:45,24
WAF1A,9/16/2020 6:00,24
WAF1A,9/16/2020 6:15,25
WAF1A,9/16/2020 6:30,24
WAF1A,9/16/2020 6:45,24
WAF1A,9/16/2020 7:00,25
WAF1A,9/16/2020 7:15,25
WAF1A,9/16/2020 7:30,24
WAF1A,9/16/2020 7:45,25
WAF1A,9/16/2020 8:00,25
WAF1A,9/16/2020 8:15,26
WAF1A,9/16/2020 8:30,26
WAF1A,9/16/2020 8:45,26
WAF1A,9/16/2020 9:00,28
WAF1A,9/16/2020 9:15,27
WAF1A,9/16/2020 9:30,27
WAF1A,9/16/2020 9:45,27
WAF1A,9/16/2020 10:00,27
WAF1A,9/16/2020 10:15,29
WAF1A,9/16/2020 10:30,28
WAF1A,9/16/2020 10:45,28
WAF1A,9/16/2020 11:00,28
WAF1A,9/16/2020 11:15,28
WAF1A,9/16/2020 11:30,31
WAF1A,9/16/2020 11:45,29
WAF1A,9/16/2020 12:00,29
WAF1A,9/16/2020 12:15,30
WAF1A,9/16/2020 12:30,31
WAF1A,9/16/2020 12:45,29
WAF1A,9/16/2020 13:00,29
WAF1A,9/16/2020 13:15,32
WAF1A,9/16/2020 13:30,31
WAF1A,9/16/2020 13:45,30
WAF1A,9/16/2020 14:00,29
WAF1A,9/16/2020 14:15,30
WAF1A,9/16/2020 14:30,29
WAF1A,9/16/2020 14:45,30
WAF1A,9/16/2020 15:00,30
WAF1A,9/16/2020 15:15,31
WAF1A,9/16/2020 15:30,30
WAF1A,9/16/2020 15:45,29
WAF1A,9/16/2020 16:00,29
WAF1A,9/16/2020 16:15,29
WAF1A,9/16/2020 16:30,30
WAF1A,9/16/2020 16:45,28
WAF1A,9/16/2020 17:00,28
WAF1A,9/16/2020 17:15,28
WAF1A,9/16/2020 17:30,28
WAF1A,9/16/2020 17:45,28
WAF1A,9/16/2020 18:00,29
WAF1A,9/16/2020 18:15,28
WAF1A,9/16/2020 18:30,29
WAF1A,9/16/2020 18:45,28
WAF1A,9/16/2020 19:00,28
WAF1A,9/16/2020 19:15,27
WAF1A,9/16/2020 19:30,30
WAF1A,9/16/2020 19:45,29
WAF1A,9/16/2020 20:00,29
WAF1A,9/16/2020 20:15,29
WAF1A,9/16/2020 20:30,29
WAF1A,9/16/2020 20:45,28
WAF1A,9/16/2020 21:00,29
WAF1A,9/16/2020 21:15,29
WAF1A,9/16/2020 21:30,29
WAF1A,9/16/2020 21:45,30
WAF1A,9/16/2020 22:00,29
WAF1A,9/16/2020 22:15,30
WAF1A,9/16/2020 22:30,30
WAF1A,9/16/2020 22:45,29
WAF1A,9/16/2020 23:00,29
WAF1A,9/16/2020 23:15,29
WAF1A,9/16/2020 23:30,29
WAF1A,9/16/2020 23:45,28
WAF1A,9/17/2020 0:00,27
WAF1A,9/17/2020 0:15,27
WAF1A,9/17/2020 0:30,27
WAF1A,9/17/2020 0:45,27
WAF1A,9/17/2020 1:00,26
WAF1A,9/17/2020 1:15,26
WAF1A,9/17/2020 1:30,25
WAF1A,9/17/2020 1:45,25
WAF1A,9/17/2020 2:00,25
WAF1A,9/17/2020 2:15,25
WAF1A,9/17/2020 2:30,25
WAF1A,9/17/2020 2:45,24
WAF1A,9/17/2020 3:00,25
WAF1A,9/17/2020 3:15,24
WAF1A,9/17/2020 3:30,25
WAF1A,9/17/2020 3:45,24
WAF1A,9/17/2020 4:00,24
WAF1A,9/17/2020 4:15,24
WAF1A,9/17/2020 4:30,24
WAF1A,9/17/2020 4:45,24
WAF1A,9/17/2020 5:00,24
WAF1A,9/17/2020 5:15,25
WAF1A,9/17/2020 5:30,24
WAF1A,9/17/2020 5:45,24
WAF1A,9/17/2020 6:00,24
WAF1A,9/17/2020 6:15,24
WAF1A,9/17/2020 6:30,25
WAF1A,9/17/2020 6:45,25
WAF1A,9/17/2020 7:00,25
WAF1A,9/17/2020 7:15,25
WAF1A,9/17/2020 7:30,25
WAF1A,9/17/2020 7:45,25
WAF1A,9/17/2020 8:00,26
WAF1A,9/17/2020 8:15,25
WAF1A,9/17/2020 8:30,26
WAF1A,9/17/2020 8:45,26
WAF1A,9/17/2020 9:00,28
WAF1A,9/17/2020 9:15,28
WAF1A,9/17/2020 9:30,29
WAF1A,9/17/2020 9:45,30
WAF1A,9/17/2020 10:00,28
WAF1A,9/17/2020 10:15,29
WAF1A,9/17/2020 10:30,31
WAF1A,9/17/2020 10:45,30
WAF1A,9/17/2020 11:00,32
WAF1A,9/17/2020 11:15,33
WAF1A,9/17/2020 11:30,32
WAF1A,9/17/2020 11:45,32
WAF1A,9/17/2020 12:00,32
WAF1A,9/17/2020 12:15,34
WAF1A,9/17/2020 12:30,32
WAF1A,9/17/2020 12:45,30
WAF1A,9/17/2020 13:00,31
WAF1A,9/17/2020 13:15,30
WAF1A,9/17/2020 13:30,32
WAF1A,9/17/2020 13:45,32
WAF1A,9/17/2020 14:00,31
WAF1A,9/17/2020 14:15,32
WAF1A,9/17/2020 14:30,31
WAF1A,9/17/2020 14:45,33
WAF1A,9/17/2020 15:00,31
WAF1A,9/17/2020 15:15,33
WAF1A,9/17/2020 15:30,31
WAF1A,9/17/2020 15:45,31
WAF1A,9/17/2020 16:00,31
WAF1A,9/17/2020 16:15,31
WAF1A,9/17/2020 16:30,30
WAF1A,9/17/2020 16:45,30
WAF1A,9/17/2020 17:00,31
WAF1A,9/17/2020 17:15,30
WAF1A,9/17/2020 17:30,31
WAF1A,9/17/2020 17:45,30
WAF1A,9/17/2020 18:00,30
WAF1A,9/17/2020 18:15,29
WAF1A,9/17/2020 18:30,30
WAF1A,9/17/2020 18:45,30
WAF1A,9/17/2020 19:00,29
WAF1A,9/17/2020 19:15,29
WAF1A,9/17/2020 19:30,30
WAF1A,9/17/2020 19:45,29
WAF1A,9/17/2020 20:00,30
WAF1A,9/17/2020 20:15,30
WAF1A,9/17/2020 20:30,29
WAF1A,9/17/2020 20:45,30
WAF1A,9/17/2020 21:00,29
WAF1A,9/17/2020 21:15,30
WAF1A,9/17/2020 21:30,30
WAF1A,9/17/2020 21:45,29
WAF1A,9/17/2020 22:00,30
WAF1A,9/17/2020 22:15,30
WAF1A,9/17/2020 22:30,29
WAF1A,9/17/2020 22:45,29
WAF1A,9/17/2020 23:00,28
WAF1A,9/17/2020 23:15,29
WAF1A,9/17/2020 23:30,27
WAF1A,9/17/2020 23:45,27
WAF1A,9/18/2020 0:00,28
WAF7A,9/10/2020 13:15,0
WAF7A,9/10/2020 13:30,0
WAF7A,9/10/2020 13:45,0
WAF7A,9/10/2020 14:00,0
WAF7A,9/10/2020 14:15,0
WAF7A,9/10/2020 14:30,0
WAF7A,9/10/2020 14:45,0
WAF7A,9/10/2020 15:00,0
WAF7A,9/10/2020 15:15,0
WAF7A,9/10/2020 15:30,0
WAF7A,9/10/2020 15:45,0
WAF7A,9/10/2020 16:00,0
WAF7A,9/10/2020 16:15,0
WAF7A,9/10/2020 16:30,0
WAF7A,9/10/2020 16:45,0
WAF7A,9/10/2020 17:00,0
WAF7A,9/10/2020 17:15,0
WAF7A,9/10/2020 17:30,0
WAF7A,9/10/2020 17:45,0
WAF7A,9/10/2020 18:00,0
WAF7A,9/10/2020 18:15,0
WAF7A,9/10/2020 18:30,0
WAF7A,9/10/2020 18:45,0
WAF7A,9/10/2020 19:00,0
WAF7A,9/10/2020 19:15,0
WAF7A,9/10/2020 19:30,0
WAF7A,9/10/2020 19:45,0
WAF7A,9/10/2020 20:00,0
WAF7A,9/10/2020 20:15,0
WAF7A,9/10/2020 20:30,0
WAF7A,9/10/2020 20:45,0
WAF7A,9/10/2020 21:00,0
WAF7A,9/10/2020 21:15,0
WAF7A,9/10/2020 21:30,0
WAF7A,9/10/2020 21:45,0
WAF7A,9/10/2020 22:00,0
WAF7A,9/10/2020 22:15,0
WAF7A,9/10/2020 22:30,0
WAF7A,9/10/2020 22:45,0
WAF7A,9/10/2020 23:00,0
WAF7A,9/10/2020 23:15,0
WAF7A,9/10/2020 23:30,0
WAF7A,9/10/2020 23:45,0
WAF7A,9/11/2020 0:00,0
WAF7A,9/11/2020 0:15,0
WAF7A,9/11/2020 0:30,0
WAF7A,9/11/2020 0:45,0
WAF7A,9/11/2020 1:00,0
WAF7A,9/11/2020 1:15,0
WAF7A,9/11/2020 1:30,0
WAF7A,9/11/2020 1:45,0
WAF7A,9/11/2020 2:00,0
WAF7A,9/11/2020 2:15,0
WAF7A,9/11/2020 2:30,0
WAF7A,9/11/2020 2:45,0
WAF7A,9/11/2020 3:00,0
WAF7A,9/11/2020 3:15,0
WAF7A,9/11/2020 3:30,0
WAF7A,9/11/2020 3:45,0
WAF7A,9/11/2020 4:00,0
WAF7A,9/11/2020 4:15,0
WAF7A,9/11/2020 4:30,0
WAF7A,9/11/2020 4:45,0
WAF7A,9/11/2020 5:00,0
WAF7A,9/11/2020 5:15,0
WAF7A,9/11/2020 5:30,0
WAF7A,9/11/2020 5:45,0
WAF7A,9/11/2020 6:00,0
WAF7A,9/11/2020 6:15,0
WAF7A,9/11/2020 6:30,0
WAF7A,9/11/2020 6:45,0
WAF7A,9/11/2020 7:00,0
WAF7A,9/11/2020 7:15,0
WAF7A,9/11/2020 7:30,0
WAF7A,9/11/2020 7:45,0
WAF7A,9/11/2020 8:00,0
WAF7A,9/11/2020 8:15,0
WAF7A,9/11/2020 8:30,0
WAF7A,9/11/2020 8:45,0
WAF7A,9/11/2020 9:00,0
WAF7A,9/11/2020 9:15,0
WAF7A,9/11/2020 9:30,0
WAF7A,9/11/2020 9:45,0
WAF7A,9/11/2020 10:00,0
WAF7A,9/11/2020 10:15,0
WAF7A,9/11/2020 10:30,0
WAF7A,9/11/2020 10:45,0
WAF7A,9/11/2020 11:00,0
WAF7A,9/11/2020 11:15,0
WAF7A,9/11/2020 11:30,0
WAF7A,9/11/2020 11:45,0
WAF7A,9/11/2020 12:00,0
WAF7A,9/11/2020 12:15,0
WAF7A,9/11/2020 12:30,0
WAF7A,9/11/2020 12:45,0
WAF7A,9/11/2020 13:00,0
WAF7A,9/11/2020 13:15,0
WAF7A,9/11/2020 13:30,0
WAF7A,9/11/2020 13:45,0
WAF7A,9/11/2020 14:00,0
WAF7A,9/11/2020 14:15,0
WAF7A,9/11/2020 14:30,0
WAF7A,9/11/2020 14:45,0
WAF7A,9/11/2020 15:00,0
WAF7A,9/11/2020 15:15,0
WAF7A,9/11/2020 15:30,0
WAF7A,9/11/2020 15:45,0
WAF7A,9/11/2020 16:00,0
WAF7A,9/11/2020 16:15,0
WAF7A,9/11/2020 16:30,0
WAF7A,9/11/2020 16:45,0
WAF7A,9/11/2020 17:00,0
WAF7A,9/11/2020 17:15,0
WAF7A,9/11/2020 17:30,0
WAF7A,9/11/2020 17:45,0
WAF7A,9/11/2020 18:00,0
WAF7A,9/11/2020 18:15,0
WAF7A,9/11/2020 18:30,0
WAF7A,9/11/2020 18:45,0
WAF7A,9/11/2020 19:00,0
WAF7A,9/11/2020 19:15,0
WAF7A,9/11/2020 19:30,0
WAF7A,9/11/2020 19:45,0
WAF7A,9/11/2020 20:00,0
WAF7A,9/11/2020 20:15,0
WAF7A,9/11/2020 20:30,0
WAF7A,9/11/2020 20:45,0
WAF7A,9/11/2020 21:00,0
WAF7A,9/11/2020 21:15,0
WAF7A,9/11/2020 21:30,0
WAF7A,9/11/2020 21:45,0
WAF7A,9/11/2020 22:00,0
WAF7A,9/11/2020 22:15,0
WAF7A,9/11/2020 22:30,0
WAF7A,9/11/2020 22:45,0
WAF7A,9/11/2020 23:00,0
WAF7A,9/11/2020 23:15,0
WAF7A,9/11/2020 23:30,0
WAF7A,9/11/2020 23:45,0
WAF7A,9/12/2020 0:00,0
WAF7A,9/12/2020 0:15,0
WAF7A,9/12/2020 0:30,0
WAF7A,9/12/2020 0:45,0
WAF7A,9/12/2020 1:00,0
WAF7A,9/12/2020 1:15,0
WAF7A,9/12/2020 1:30,0
WAF7A,9/12/2020 1:45,0
WAF7A,9/12/2020 2:00,0
WAF7A,9/12/2020 2:15,0
WAF7A,9/12/2020 2:30,0
WAF7A,9/12/2020 2:45,0
WAF7A,9/12/2020 3:00,0
WAF7A,9/12/2020 3:15,0
WAF7A,9/12/2020 3:30,0
WAF7A,9/12/2020 3:45,0
WAF7A,9/12/2020 4:00,0
WAF7A,9/12/2020 4:15,0
WAF7A,9/12/2020 4:30,0
WAF7A,9/12/2020 4:45,0
WAF7A,9/12/2020 5:00,0
WAF7A,9/12/2020 5:15,0
WAF7A,9/12/2020 5:30,0
WAF7A,9/12/2020 5:45,0
WAF7A,9/12/2020 6:00,0
WAF7A,9/12/2020 6:15,0
WAF7A,9/12/2020 6:30,0
WAF7A,9/12/2020 6:45,0
WAF7A,9/12/2020 7:00,0
WAF7A,9/12/2020 7:15,0
WAF7A,9/12/2020 7:30,0
WAF7A,9/12/2020 7:45,0
WAF7A,9/12/2020 8:00,0
WAF7A,9/12/2020 8:15,0
WAF7A,9/12/2020 8:30,0
WAF7A,9/12/2020 8:45,0
WAF7A,9/12/2020 9:00,0
WAF7A,9/12/2020 9:15,0
WAF7A,9/12/2020 9:30,0
WAF7A,9/12/2020 9:45,0
WAF7A,9/12/2020 10:00,0
WAF7A,9/12/2020 10:15,0
WAF7A,9/12/2020 10:30,0
WAF7A,9/12/2020 10:45,0
WAF7A,9/12/2020 11:00,0
WAF7A,9/12/2020 11:15,0
WAF7A,9/12/2020 11:30,0
WAF7A,9/12/2020 11:45,0
WAF7A,9/12/2020 12:00,0
WAF7A,9/12/2020 12:15,0
WAF7A,9/12/2020 12:30,0
WAF7A,9/12/2020 12:45,0
WAF7A,9/12/2020 13:00,0
WAF7A,9/12/2020 13:15,0
WAF7A,9/12/2020 13:30,0
WAF7A,9/12/2020 13:45,0
WAF7A,9/12/2020 14:00,0
WAF7A,9/12/2020 14:15,0
WAF7A,9/12/2020 14:30,0
WAF7A,9/12/2020 14:45,0
WAF7A,9/12/2020 15:00,0
WAF7A,9/12/2020 15:15,0
WAF7A,9/12/2020 15:30,0
WAF7A,9/12/2020 15:45,0
WAF7A,9/12/2020 16:00,0
WAF7A,9/12/2020 16:15,0
WAF7A,9/12/2020 16:30,0
WAF7A,9/12/2020 16:45,0
WAF7A,9/12/2020 17:00,0
WAF7A,9/12/2020 17:15,0
WAF7A,9/12/2020 17:30,0
WAF7A,9/12/2020 17:45,0
WAF7A,9/12/2020 18:00,0
WAF7A,9/12/2020 18:15,0
WAF7A,9/12/2020 18:30,0
WAF7A,9/12/2020 18:45,0
WAF7A,9/12/2020 19:00,0
WAF7A,9/12/2020 19:15,0
WAF7A,9/12/2020 19:30,0
WAF7A,9/12/2020 19:45,0
WAF7A,9/12/2020 20:00,0
WAF7A,9/12/2020 20:15,0
WAF7A,9/12/2020 20:30,0
WAF7A,9/12/2020 20:45,0
WAF7A,9/12/2020 21:00,0
WAF7A,9/12/2020 21:15,0
WAF7A,9/12/2020 21:30,0
WAF7A,9/12/2020 21:45,0
WAF7A,9/12/2020 22:00,0
WAF7A,9/12/2020 22:15,0
WAF7A,9/12/2020 22:30,0
WAF7A,9/12/2020 22:45,0
WAF7A,9/12/2020 23:00,0
WAF7A,9/12/2020 23:15,0
WAF7A,9/12/2020 23:30,0
WAF7A,9/12/2020 23:45,0
WAF7A,9/13/2020 0:00,0
WAF7A,9/13/2020 0:15,0
WAF7A,9/13/2020 0:30,0
WAF7A,9/13/2020 0:45,0
WAF7A,9/13/2020 1:00,0
WAF7A,9/13/2020 1:15,0
WAF7A,9/13/2020 1:30,0
WAF7A,9/13/2020 1:45,0
WAF7A,9/13/2020 2:00,0
WAF7A,9/13/2020 2:15,0
WAF7A,9/13/2020 2:30,0
WAF7A,9/13/2020 2:45,0
WAF7A,9/13/2020 3:00,0
WAF7A,9/13/2020 3:15,0
WAF7A,9/13/2020 3:30,0
WAF7A,9/13/2020 3:45,0
WAF7A,9/13/2020 4:00,0
WAF7A,9/13/2020 4:15,0
WAF7A,9/13/2020 4:30,0
WAF7A,9/13/2020 4:45,0
WAF7A,9/13/2020 5:00,0
WAF7A,9/13/2020 5:15,0
WAF7A,9/13/2020 5:30,0
WAF7A,9/13/2020 5:45,0
WAF7A,9/13/2020 6:00,0
WAF7A,9/13/2020 6:15,0
WAF7A,9/13/2020 6:30,0
WAF7A,9/13/2020 6:45,0
WAF7A,9/13/2020 7:00,0
WAF7A,9/13/2020 7:15,0
WAF7A,9/13/2020 7:30,0
WAF7A,9/13/2020 7:45,0
WAF7A,9/13/2020 8:00,0
WAF7A,9/13/2020 8:15,0
WAF7A,9/13/2020 8:30,0
WAF7A,9/13/2020 8:45,0
WAF7A,9/13/2020 9:00,0
WAF7A,9/13/2020 9:15,0
WAF7A,9/13/2020 9:30,0
WAF7A,9/13/2020 9:45,0
WAF7A,9/13/2020 10:00,0
WAF7A,9/13/2020 10:15,0
WAF7A,9/13/2020 10:30,0
WAF7A,9/13/2020 10:45,0
WAF7A,9/13/2020 11:00,0
WAF7A,9/13/2020 11:15,0
WAF7A,9/13/2020 11:30,0
WAF7A,9/13/2020 11:45,0
WAF7A,9/13/2020 12:00,0
WAF7A,9/13/2020 12:15,0
WAF7A,9/13/2020 12:30,0
WAF7A,9/13/2020 12:45,0
WAF7A,9/13/2020 13:00,0
WAF7A,9/13/2020 13:15,0
WAF7A,9/13/2020 13:30,0
WAF7A,9/13/2020 13:45,0
WAF7A,9/13/2020 14:00,0
WAF7A,9/13/2020 14:15,0
WAF7A,9/13/2020 14:30,0
WAF7A,9/13/2020 14:45,0
WAF7A,9/13/2020 15:00,0
WAF7A,9/13/2020 15:15,0
WAF7A,9/13/2020 15:30,0
WAF7A,9/13/2020 15:45,0
WAF7A,9/13/2020 16:00,0
WAF7A,9/13/2020 16:15,0
WAF7A,9/13/2020 16:30,0
WAF7A,9/13/2020 16:45,0
WAF7A,9/13/2020 17:00,0
WAF7A,9/13/2020 17:15,0
WAF7A,9/13/2020 17:30,0
WAF7A,9/13/2020 17:45,0
WAF7A,9/13/2020 18:00,0
WAF7A,9/13/2020 18:15,0
WAF7A,9/13/2020 18:30,0
WAF7A,9/13/2020 18:45,0
WAF7A,9/13/2020 19:00,0
WAF7A,9/13/2020 19:15,0
WAF7A,9/13/2020 19:30,0
WAF7A,9/13/2020 19:45,0
WAF7A,9/13/2020 20:00,0
WAF7A,9/13/2020 20:15,0
WAF7A,9/13/2020 20:30,0
WAF7A,9/13/2020 20:45,0
WAF7A,9/13/2020 21:00,0
WAF7A,9/13/2020 21:15,0
WAF7A,9/13/2020 21:30,0
WAF7A,9/13/2020 21:45,0
WAF7A,9/13/2020 22:00,0
WAF7A,9/13/2020 22:15,0
WAF7A,9/13/2020 22:30,0
WAF7A,9/13/2020 22:45,0
WAF7A,9/13/2020 23:00,0
WAF7A,9/13/2020 23:15,0
WAF7A,9/13/2020 23:30,0
WAF7A,9/13/2020 23:45,0
WAF7A,9/14/2020 0:00,0
WAF7A,9/14/2020 0:15,0
WAF7A,9/14/2020 0:30,0
WAF7A,9/14/2020 0:45,0
WAF7A,9/14/2020 1:00,0
WAF7A,9/14/2020 1:15,0
WAF7A,9/14/2020 1:30,0
WAF7A,9/14/2020 1:45,0
WAF7A,9/14/2020 2:00,0
WAF7A,9/14/2020 2:15,0
WAF7A,9/14/2020 2:30,0
WAF7A,9/14/2020 2:45,0
WAF7A,9/14/2020 3:00,0
WAF7A,9/14/2020 3:15,0
WAF7A,9/14/2020 3:30,0
WAF7A,9/14/2020 3:45,0
WAF7A,9/14/2020 4:00,0
WAF7A,9/14/2020 4:15,0
WAF7A,9/14/2020 4:30,0
WAF7A,9/14/2020 4:45,0
WAF7A,9/14/2020 5:00,0
WAF7A,9/14/2020 5:15,0
WAF7A,9/14/2020 5:30,0
WAF7A,9/14/2020 5:45,0
WAF7A,9/14/2020 6:00,0
WAF7A,9/14/2020 6:15,0
WAF7A,9/14/2020 6:30,0
WAF7A,9/14/2020 6:45,0
WAF7A,9/14/2020 7:00,0
WAF7A,9/14/2020 7:15,0
WAF7A,9/14/2020 7:30,0
WAF7A,9/14/2020 7:45,0
WAF7A,9/14/2020 8:00,0
WAF7A,9/14/2020 8:15,0
WAF7A,9/14/2020 8:30,0
WAF7A,9/14/2020 8:45,0
WAF7A,9/14/2020 9:00,0
WAF7A,9/14/2020 9:15,0
WAF7A,9/14/2020 9:30,0
WAF7A,9/14/2020 9:45,0
WAF7A,9/14/2020 10:00,0
WAF7A,9/14/2020 10:15,0
WAF7A,9/14/2020 10:30,0
WAF7A,9/14/2020 10:45,0
WAF7A,9/14/2020 11:00,0
WAF7A,9/14/2020 11:15,0
WAF7A,9/14/2020 11:30,0
WAF7A,9/14/2020 11:45,0
WAF7A,9/14/2020 12:00,0
WAF7A,9/14/2020 12:15,0
WAF7A,9/14/2020 12:30,0
WAF7A,9/14/2020 12:45,0
WAF7A,9/14/2020 13:00,0
WAF7A,9/14/2020 13:15,0
WAF7A,9/14/2020 13:30,0
WAF7A,9/14/2020 13:45,0
WAF7A,9/14/2020 14:00,0
WAF7A,9/14/2020 14:15,0
WAF7A,9/14/2020 14:30,0
WAF7A,9/14/2020 14:45,0
WAF7A,9/14/2020 15:00,0
WAF7A,9/14/2020 15:15,0
WAF7A,9/14/2020 15:30,0
WAF7A,9/14/2020 15:45,0
WAF7A,9/14/2020 16:00,0
WAF7A,9/14/2020 16:15,0
WAF7A,9/14/2020 16:30,0
WAF7A,9/14/2020 16:45,0
WAF7A,9/14/2020 17:00,0
WAF7A,9/14/2020 17:15,0
WAF7A,9/14/2020 17:30,0
WAF7A,9/14/2020 17:45,0
WAF7A,9/14/2020 18:00,0
WAF7A,9/14/2020 18:15,0
WAF7A,9/14/2020 18:30,0
WAF7A,9/14/2020 18:45,0
WAF7A,9/14/2020 19:00,0
WAF7A,9/14/2020 19:15,0
WAF7A,9/14/2020 19:30,0
WAF7A,9/14/2020 19:45,0
WAF7A,9/14/2020 20:00,0
WAF7A,9/14/2020 20:15,0
WAF7A,9/14/2020 20:30,0
WAF7A,9/14/2020 20:45,0
WAF7A,9/14/2020 21:00,0
WAF7A,9/14/2020 21:15,0
WAF7A,9/14/2020 21:30,0
WAF7A,9/14/2020 21:45,0
WAF7A,9/14/2020 22:00,0
WAF7A,9/14/2020 22:15,0
WAF7A,9/14/2020 22:30,0
WAF7A,9/14/2020 22:45,0
WAF7A,9/14/2020 23:00,0
WAF7A,9/14/2020 23:15,0
WAF7A,9/14/2020 23:30,0
WAF7A,9/14/2020 23:45,0
WAF7A,9/15/2020 0:00,0
WAF7A,9/15/2020 0:15,0
WAF7A,9/15/2020 0:30,0
WAF7A,9/15/2020 0:45,0
WAF7A,9/15/2020 1:00,0
WAF7A,9/15/2020 1:15,0
WAF7A,9/15/2020 1:30,0
WAF7A,9/15/2020 1:45,0
WAF7A,9/15/2020 2:00,0
WAF7A,9/15/2020 2:15,0
WAF7A,9/15/2020 2:30,0
WAF7A,9/15/2020 2:45,0
WAF7A,9/15/2020 3:00,0
WAF7A,9/15/2020 3:15,0
WAF7A,9/15/2020 3:30,0
WAF7A,9/15/2020 3:45,0
WAF7A,9/15/2020 4:00,0
WAF7A,9/15/2020 4:15,0
WAF7A,9/15/2020 4:30,0
WAF7A,9/15/2020 4:45,0
WAF7A,9/15/2020 5:00,0
WAF7A,9/15/2020 5:15,0
WAF7A,9/15/2020 5:30,0
WAF7A,9/15/2020 5:45,0
WAF7A,9/15/2020 6:00,0
WAF7A,9/15/2020 6:15,0
WAF7A,9/15/2020 6:30,0
WAF7A,9/15/2020 6:45,0
WAF7A,9/15/2020 7:00,0
WAF7A,9/15/2020 7:15,0
WAF7A,9/15/2020 7:30,0
WAF7A,9/15/2020 7:45,0
WAF7A,9/15/2020 8:00,0
WAF7A,9/15/2020 8:15,0
WAF7A,9/15/2020 8:30,0
WAF7A,9/15/2020 8:45,0
WAF7A,9/15/2020 9:00,0
WAF7A,9/15/2020 9:15,0
WAF7A,9/15/2020 9:30,0
WAF7A,9/15/2020 9:45,45
WAF7A,9/15/2020 10:00,46
WAF7A,9/15/2020 10:15,50
WAF7A,9/15/2020 10:30,48
WAF7A,9/15/2020 10:45,49
WAF7A,9/15/2020 11:00,48
WAF7A,9/15/2020 11:15,48
WAF7A,9/15/2020 11:30,50
WAF7A,9/15/2020 11:45,48
WAF7A,9/15/2020 12:00,49
WAF7A,9/15/2020 12:15,50
WAF7A,9/15/2020 12:30,51
WAF7A,9/15/2020 12:45,50
WAF7A,9/15/2020 13:00,48
WAF7A,9/15/2020 13:15,50
WAF7A,9/15/2020 13:30,49
WAF7A,9/15/2020 13:45,50
WAF7A,9/15/2020 14:00,56
WAF7A,9/15/2020 14:15,51
WAF7A,9/15/2020 14:30,52
WAF7A,9/15/2020 14:45,51
WAF7A,9/15/2020 15:00,48
WAF7A,9/15/2020 15:15,49
WAF7A,9/15/2020 15:30,40
WAF7A,9/15/2020 15:45,46
WAF7A,9/15/2020 16:00,47
WAF7A,9/15/2020 16:15,48
WAF7A,9/15/2020 16:30,47
WAF7A,9/15/2020 16:45,46
WAF7A,9/15/2020 17:00,49
WAF7A,9/15/2020 17:15,48
WAF7A,9/15/2020 17:30,47
WAF7A,9/15/2020 17:45,47
WAF7A,9/15/2020 18:00,47
WAF7A,9/15/2020 18:15,47
WAF7A,9/15/2020 18:30,48
WAF7A,9/15/2020 18:45,47
WAF7A,9/15/2020 19:00,47
WAF7A,9/15/2020 19:15,47
WAF7A,9/15/2020 19:30,48
WAF7A,9/15/2020 19:45,47
WAF7A,9/15/2020 20:00,48
WAF7A,9/15/2020 20:15,47
WAF7A,9/15/2020 20:30,48
WAF7A,9/15/2020 20:45,47
WAF7A,9/15/2020 21:00,49
WAF7A,9/15/2020 21:15,50
WAF7A,9/15/2020 21:30,49
WAF7A,9/15/2020 21:45,47
WAF7A,9/15/2020 22:00,44
WAF7A,9/15/2020 22:15,45
WAF7A,9/15/2020 22:30,45
WAF7A,9/15/2020 22:45,44
WAF7A,9/15/2020 23:00,45
WAF7A,9/15/2020 23:15,45
WAF7A,9/15/2020 23:30,44
WAF7A,9/15/2020 23:45,43
WAF7A,9/16/2020 0:00,42
WAF7A,9/16/2020 0:15,41
WAF7A,9/16/2020 0:30,41
WAF7A,9/16/2020 0:45,41
WAF7A,9/16/2020 1:00,40
WAF7A,9/16/2020 1:15,40
WAF7A,9/16/2020 1:30,40
WAF7A,9/16/2020 1:45,40
WAF7A,9/16/2020 2:00,39
WAF7A,9/16/2020 2:15,39
WAF7A,9/16/2020 2:30,38
WAF7A,9/16/2020 2:45,38
WAF7A,9/16/2020 3:00,38
WAF7A,9/16/2020 3:15,38
WAF7A,9/16/2020 3:30,38
WAF7A,9/16/2020 3:45,38
WAF7A,9/16/2020 4:00,38
WAF7A,9/16/2020 4:15,38
WAF7A,9/16/2020 4:30,37
WAF7A,9/16/2020 4:45,37
WAF7A,9/16/2020 5:00,37
WAF7A,9/16/2020 5:15,38
WAF7A,9/16/2020 5:30,39
WAF7A,9/16/2020 5:45,39
WAF7A,9/16/2020 6:00,43
WAF7A,9/16/2020 6:15,43
WAF7A,9/16/2020 6:30,40
WAF7A,9/16/2020 6:45,40
WAF7A,9/16/2020 7:00,40
WAF7A,9/16/2020 7:15,41
WAF7A,9/16/2020 7:30,40
WAF7A,9/16/2020 7:45,40
WAF7A,9/16/2020 8:00,40
WAF7A,9/16/2020 8:15,42
WAF7A,9/16/2020 8:30,42
WAF7A,9/16/2020 8:45,42
WAF7A,9/16/2020 9:00,41
WAF7A,9/16/2020 9:15,42
WAF7A,9/16/2020 9:30,42
WAF7A,9/16/2020 9:45,43
WAF7A,9/16/2020 10:00,43
WAF7A,9/16/2020 10:15,45
WAF7A,9/16/2020 10:30,47
WAF7A,9/16/2020 10:45,45
WAF7A,9/16/2020 11:00,48
WAF7A,9/16/2020 11:15,46
WAF7A,9/16/2020 11:30,46
WAF7A,9/16/2020 11:45,48
WAF7A,9/16/2020 12:00,47
WAF7A,9/16/2020 12:15,48
WAF7A,9/16/2020 12:30,47
WAF7A,9/16/2020 12:45,49
WAF7A,9/16/2020 13:00,47
WAF7A,9/16/2020 13:15,48
WAF7A,9/16/2020 13:30,50
WAF7A,9/16/2020 13:45,49
WAF7A,9/16/2020 14:00,49
WAF7A,9/16/2020 14:15,50
WAF7A,9/16/2020 14:30,48
WAF7A,9/16/2020 14:45,48
WAF7A,9/16/2020 15:00,48
WAF7A,9/16/2020 15:15,50
WAF7A,9/16/2020 15:30,49
WAF7A,9/16/2020 15:45,51
WAF7A,9/16/2020 16:00,50
WAF7A,9/16/2020 16:15,49
WAF7A,9/16/2020 16:30,49
WAF7A,9/16/2020 16:45,47
WAF7A,9/16/2020 17:00,46
WAF7A,9/16/2020 17:15,45
WAF7A,9/16/2020 17:30,47
WAF7A,9/16/2020 17:45,48
WAF7A,9/16/2020 18:00,49
WAF7A,9/16/2020 18:15,49
WAF7A,9/16/2020 18:30,48
WAF7A,9/16/2020 18:45,47
WAF7A,9/16/2020 19:00,47
WAF7A,9/16/2020 19:15,47
WAF7A,9/16/2020 19:30,45
WAF7A,9/16/2020 19:45,47
WAF7A,9/16/2020 20:00,46
WAF7A,9/16/2020 20:15,46
WAF7A,9/16/2020 20:30,46
WAF7A,9/16/2020 20:45,47
WAF7A,9/16/2020 21:00,46
WAF7A,9/16/2020 21:15,49
WAF7A,9/16/2020 21:30,49
WAF7A,9/16/2020 21:45,44
WAF7A,9/16/2020 22:00,44
WAF7A,9/16/2020 22:15,44
WAF7A,9/16/2020 22:30,44
WAF7A,9/16/2020 22:45,55
WAF7A,9/16/2020 23:00,52
WAF7A,9/16/2020 23:15,50
WAF7A,9/16/2020 23:30,49
WAF7A,9/16/2020 23:45,49
WAF7A,9/17/2020 0:00,47
WAF7A,9/17/2020 0:15,45
WAF7A,9/17/2020 0:30,44
WAF7A,9/17/2020 0:45,44
WAF7A,9/17/2020 1:00,44
WAF7A,9/17/2020 1:15,43
WAF7A,9/17/2020 1:30,43
WAF7A,9/17/2020 1:45,45
WAF7A,9/17/2020 2:00,43
WAF7A,9/17/2020 2:15,43
WAF7A,9/17/2020 2:30,43
WAF7A,9/17/2020 2:45,42
WAF7A,9/17/2020 3:00,42
WAF7A,9/17/2020 3:15,42
WAF7A,9/17/2020 3:30,41
WAF7A,9/17/2020 3:45,42
WAF7A,9/17/2020 4:00,41
WAF7A,9/17/2020 4:15,38
WAF7A,9/17/2020 4:30,39
WAF7A,9/17/2020 4:45,40
WAF7A,9/17/2020 5:00,40
WAF7A,9/17/2020 5:15,41
WAF7A,9/17/2020 5:30,42
WAF7A,9/17/2020 5:45,44
WAF7A,9/17/2020 6:00,46
WAF7A,9/17/2020 6:15,37
WAF7A,9/17/2020 6:30,36
WAF7A,9/17/2020 6:45,50
WAF7A,9/17/2020 7:00,45
WAF7A,9/17/2020 7:15,47
WAF7A,9/17/2020 7:30,47
WAF7A,9/17/2020 7:45,37
WAF7A,9/17/2020 8:00,41
WAF7A,9/17/2020 8:15,36
WAF7A,9/17/2020 8:30,37
WAF7A,9/17/2020 8:45,49
WAF7A,9/17/2020 9:00,55
WAF7A,9/17/2020 9:15,53
WAF7A,9/17/2020 9:30,53
WAF7A,9/17/2020 9:45,54
WAF7A,9/17/2020 10:00,56
WAF7A,9/17/2020 10:15,57
WAF7A,9/17/2020 10:30,56
WAF7A,9/17/2020 10:45,55
WAF7A,9/17/2020 11:00,57
WAF7A,9/17/2020 11:15,56
WAF7A,9/17/2020 11:30,59
WAF7A,9/17/2020 11:45,59
WAF7A,9/17/2020 12:00,58
WAF7A,9/17/2020 12:15,57
WAF7A,9/17/2020 12:30,58
WAF7A,9/17/2020 12:45,57
WAF7A,9/17/2020 13:00,59
WAF7A,9/17/2020 13:15,60
WAF7A,9/17/2020 13:30,60
WAF7A,9/17/2020 13:45,59
WAF7A,9/17/2020 14:00,60
WAF7A,9/17/2020 14:15,61
WAF7A,9/17/2020 14:30,64
WAF7A,9/17/2020 14:45,60
WAF7A,9/17/2020 15:00,60
WAF7A,9/17/2020 15:15,60
WAF7A,9/17/2020 15:30,60
WAF7A,9/17/2020 15:45,61
WAF7A,9/17/2020 16:00,60
WAF7A,9/17/2020 16:15,58
WAF7A,9/17/2020 16:30,58
WAF7A,9/17/2020 16:45,57
WAF7A,9/17/2020 17:00,55
WAF7A,9/17/2020 17:15,57
WAF7A,9/17/2020 17:30,56
WAF7A,9/17/2020 17:45,57
WAF7A,9/17/2020 18:00,57
WAF7A,9/17/2020 18:15,57
WAF7A,9/17/2020 18:30,56
WAF7A,9/17/2020 18:45,55
WAF7A,9/17/2020 19:00,55
WAF7A,9/17/2020 19:15,59
WAF7A,9/17/2020 19:30,57
WAF7A,9/17/2020 19:45,57
WAF7A,9/17/2020 20:00,54
WAF7A,9/17/2020 20:15,55
WAF7A,9/17/2020 20:30,56
WAF7A,9/17/2020 20:45,53
WAF7A,9/17/2020 21:00,53
WAF7A,9/17/2020 21:15,54
WAF7A,9/17/2020 21:30,53
WAF7A,9/17/2020 21:45,50
WAF7A,9/17/2020 22:00,50
WAF7A,9/17/2020 22:15,50
WAF7A,9/17/2020 22:30,49
WAF7A,9/17/2020 22:45,49
WAF7A,9/17/2020 23:00,48
WAF7A,9/17/2020 23:15,46
WAF7A,9/17/2020 23:30,44
WAF7A,9/17/2020 23:45,45
WAF7A,9/18/2020 0:00,44
WBF3B,8/28/2020 9:30,40
WBF3B,8/28/2020 9:45,42
WBF3B,8/28/2020 10:00,44
WBF3B,8/28/2020 10:15,44
WBF3B,8/28/2020 10:30,44
WBF3B,8/28/2020 10:45,46
WBF3B,8/28/2020 11:00,45
WBF3B,8/28/2020 11:15,44
WBF3B,8/28/2020 11:30,46
WBF3B,8/28/2020 11:45,45
WBF3B,8/28/2020 12:00,43
WBF3B,8/28/2020 12:15,43
WBF3B,8/28/2020 12:30,43
WBF3B,8/28/2020 12:45,44
WBF3B,8/28/2020 13:00,45
WBF3B,8/28/2020 13:15,45
WBF3B,8/28/2020 13:30,46
WBF3B,8/28/2020 13:45,45
WBF3B,8/28/2020 14:00,48
WBF3B,8/28/2020 14:15,59
WBF3B,8/28/2020 14:30,89
WBF3B,8/28/2020 14:45,98
WBF3B,8/28/2020 15:00,100
WBF3B,8/28/2020 15:15,101
WBF3B,8/28/2020 15:30,100
WBF3B,8/28/2020 15:45,90
WBF3B,8/28/2020 16:00,66
WBF3B,8/28/2020 16:15,66
WBF3B,8/28/2020 16:30,66
WBF3B,8/28/2020 16:45,65
WBF3B,8/28/2020 17:00,65
WBF3B,8/28/2020 17:15,66
WBF3B,8/28/2020 17:30,77
WBF3B,8/28/2020 17:45,67
WBF3B,8/28/2020 18:00,74
WBF3B,8/28/2020 18:15,75
WBF3B,8/28/2020 18:30,77
WBF3B,8/28/2020 18:45,96
WBF3B,8/28/2020 19:00,124
WBF3B,8/28/2020 19:15,123
WBF3B,8/28/2020 19:30,124
WBF3B,8/28/2020 19:45,123
WBF3B,8/28/2020 20:00,113
WBF3B,8/28/2020 20:15,111
WBF3B,8/28/2020 20:30,106
WBF3B,8/28/2020 20:45,102
WBF3B,8/28/2020 21:00,103
WBF3B,8/28/2020 21:15,105
WBF3B,8/28/2020 21:30,107
WBF3B,8/28/2020 21:45,100
WBF3B,8/28/2020 22:00,99
WBF3B,8/28/2020 22:15,95
WBF3B,8/28/2020 22:30,92
WBF3B,8/28/2020 22:45,92
WBF3B,8/28/2020 23:00,93
WBF3B,8/28/2020 23:15,99
WBF3B,8/28/2020 23:30,99
WBF3B,8/28/2020 23:45,98
WBF3B,8/29/2020 0:00,103
WBF3B,8/29/2020 0:15,101
WBF3B,8/29/2020 0:30,99
WBF3B,8/29/2020 0:45,98
WBF3B,8/29/2020 1:00,96
WBF3B,8/29/2020 1:15,96
WBF3B,8/29/2020 1:30,95
WBF3B,8/29/2020 1:45,94
WBF3B,8/29/2020 2:00,94
WBF3B,8/29/2020 2:15,95
WBF3B,8/29/2020 2:30,94
WBF3B,8/29/2020 2:45,94
WBF3B,8/29/2020 3:00,94
WBF3B,8/29/2020 3:15,94
WBF3B,8/29/2020 3:30,94
WBF3B,8/29/2020 3:45,95
WBF3B,8/29/2020 4:00,95
WBF3B,8/29/2020 4:15,91
WBF3B,8/29/2020 4:30,92
WBF3B,8/29/2020 4:45,94
WBF3B,8/29/2020 5:00,94
WBF3B,8/29/2020 5:15,92
WBF3B,8/29/2020 5:30,92
WBF3B,8/29/2020 5:45,95
WBF3B,8/29/2020 6:00,97
WBF3B,8/29/2020 6:15,96
WBF3B,8/29/2020 6:30,98
WBF3B,8/29/2020 6:45,98
WBF3B,8/29/2020 7:00,95
WBF3B,8/29/2020 7:15,96
WBF3B,8/29/2020 7:30,101
WBF3B,8/29/2020 7:45,97
WBF3B,8/29/2020 8:00,95
WBF3B,8/29/2020 8:15,98
WBF3B,8/29/2020 8:30,98
WBF3B,8/29/2020 8:45,98
WBF3B,8/29/2020 9:00,100
WBF3B,8/29/2020 9:15,100
WBF3B,8/29/2020 9:30,102
WBF3B,8/29/2020 9:45,103
WBF3B,8/29/2020 10:00,104
WBF3B,8/29/2020 10:15,103
WBF3B,8/29/2020 10:30,105
WBF3B,8/29/2020 10:45,105
WBF3B,8/29/2020 11:00,105
WBF3B,8/29/2020 11:15,105
WBF3B,8/29/2020 11:30,106
WBF3B,8/29/2020 11:45,106
WBF3B,8/29/2020 12:00,106
WBF3B,8/29/2020 12:15,105
WBF3B,8/29/2020 12:30,105
WBF3B,8/29/2020 12:45,104
WBF3B,8/29/2020 13:00,105
WBF3B,8/29/2020 13:15,102
WBF3B,8/29/2020 13:30,102
WBF3B,8/29/2020 13:45,104
WBF3B,8/29/2020 14:00,102
WBF3B,8/29/2020 14:15,102
WBF3B,8/29/2020 14:30,101
WBF3B,8/29/2020 14:45,105
WBF3B,8/29/2020 15:00,103
WBF3B,8/29/2020 15:15,107
WBF3B,8/29/2020 15:30,104
WBF3B,8/29/2020 15:45,106
WBF3B,8/29/2020 16:00,104
WBF3B,8/29/2020 16:15,105
WBF3B,8/29/2020 16:30,104
WBF3B,8/29/2020 16:45,103
WBF3B,8/29/2020 17:00,104
WBF3B,8/29/2020 17:15,102
WBF3B,8/29/2020 17:30,102
WBF3B,8/29/2020 17:45,100
WBF3B,8/29/2020 18:00,101
WBF3B,8/29/2020 18:15,97
WBF3B,8/29/2020 18:30,97
WBF3B,8/29/2020 18:45,97
WBF3B,8/29/2020 19:00,99
WBF3B,8/29/2020 19:15,102
WBF3B,8/29/2020 19:30,102
WBF3B,8/29/2020 19:45,102
WBF3B,8/29/2020 20:00,102
WBF3B,8/29/2020 20:15,102
WBF3B,8/29/2020 20:30,99
WBF3B,8/29/2020 20:45,100
WBF3B,8/29/2020 21:00,97
WBF3B,8/29/2020 21:15,98
WBF3B,8/29/2020 21:30,94
WBF3B,8/29/2020 21:45,95
WBF3B,8/29/2020 22:00,96
WBF3B,8/29/2020 22:15,92
WBF3B,8/29/2020 22:30,90
WBF3B,8/29/2020 22:45,90
WBF3B,8/29/2020 23:00,91
WBF3B,8/29/2020 23:15,91
WBF3B,8/29/2020 23:30,91
WBF3B,8/29/2020 23:45,93
WBF3B,8/30/2020 0:00,90
WBF3B,8/30/2020 0:15,91
WBF3B,8/30/2020 0:30,91
WBF3B,8/30/2020 0:45,91
WBF3B,8/30/2020 1:00,88
WBF3B,8/30/2020 1:15,89
WBF3B,8/30/2020 1:30,90
WBF3B,8/30/2020 1:45,89
WBF3B,8/30/2020 2:00,87
WBF3B,8/30/2020 2:15,91
WBF3B,8/30/2020 2:30,91
WBF3B,8/30/2020 2:45,92
WBF3B,8/30/2020 3:00,91
WBF3B,8/30/2020 3:15,89
WBF3B,8/30/2020 3:30,88
WBF3B,8/30/2020 3:45,88
WBF3B,8/30/2020 4:00,91
WBF3B,8/30/2020 4:15,91
WBF3B,8/30/2020 4:30,89
WBF3B,8/30/2020 4:45,92
WBF3B,8/30/2020 5:00,92
WBF3B,8/30/2020 5:15,87
WBF3B,8/30/2020 5:30,88
WBF3B,8/30/2020 5:45,89
WBF3B,8/30/2020 6:00,89
WBF3B,8/30/2020 6:15,90
WBF3B,8/30/2020 6:30,91
WBF3B,8/30/2020 6:45,92
WBF3B,8/30/2020 7:00,92
WBF3B,8/30/2020 7:15,88
WBF3B,8/30/2020 7:30,91
WBF3B,8/30/2020 7:45,88
WBF3B,8/30/2020 8:00,88
WBF3B,8/30/2020 8:15,90
WBF3B,8/30/2020 8:30,91
WBF3B,8/30/2020 8:45,94
WBF3B,8/30/2020 9:00,95
WBF3B,8/30/2020 9:15,95
WBF3B,8/30/2020 9:30,97
WBF3B,8/30/2020 9:45,98
WBF3B,8/30/2020 10:00,97
WBF3B,8/30/2020 10:15,97
WBF3B,8/30/2020 10:30,98
WBF3B,8/30/2020 10:45,101
WBF3B,8/30/2020 11:00,101
WBF3B,8/30/2020 11:15,102
WBF3B,8/30/2020 11:30,101
WBF3B,8/30/2020 11:45,104
WBF3B,8/30/2020 12:00,104
WBF3B,8/30/2020 12:15,104
WBF3B,8/30/2020 12:30,102
WBF3B,8/30/2020 12:45,101
WBF3B,8/30/2020 13:00,98
WBF3B,8/30/2020 13:15,97
WBF3B,8/30/2020 13:30,97
WBF3B,8/30/2020 13:45,101
WBF3B,8/30/2020 14:00,99
WBF3B,8/30/2020 14:15,102
WBF3B,8/30/2020 14:30,105
WBF3B,8/30/2020 14:45,107
WBF3B,8/30/2020 15:00,108
WBF3B,8/30/2020 15:15,109
WBF3B,8/30/2020 15:30,105
WBF3B,8/30/2020 15:45,102
WBF3B,8/30/2020 16:00,102
WBF3B,8/30/2020 16:15,103
WBF3B,8/30/2020 16:30,105
WBF3B,8/30/2020 16:45,105
WBF3B,8/30/2020 17:00,105
WBF3B,8/30/2020 17:15,107
WBF3B,8/30/2020 17:30,105
WBF3B,8/30/2020 17:45,104
WBF3B,8/30/2020 18:00,102
WBF3B,8/30/2020 18:15,104
WBF3B,8/30/2020 18:30,101
WBF3B,8/30/2020 18:45,99
WBF3B,8/30/2020 19:00,95
WBF3B,8/30/2020 19:15,98
WBF3B,8/30/2020 19:30,94
WBF3B,8/30/2020 19:45,95
WBF3B,8/30/2020 20:00,99
WBF3B,8/30/2020 20:15,97
WBF3B,8/30/2020 20:30,97
WBF3B,8/30/2020 20:45,94
WBF3B,8/30/2020 21:00,98
WBF3B,8/30/2020 21:15,97
WBF3B,8/30/2020 21:30,95
WBF3B,8/30/2020 21:45,101
WBF3B,8/30/2020 22:00,99
WBF3B,8/30/2020 22:15,97
WBF3B,8/30/2020 22:30,95
WBF3B,8/30/2020 22:45,93
WBF3B,8/30/2020 23:00,93
WBF3B,8/30/2020 23:15,91
WBF3B,8/30/2020 23:30,87
WBF3B,8/30/2020 23:45,83
WBF3B,8/31/2020 0:00,71
WBF3B,8/31/2020 0:15,52
WBF3B,8/31/2020 0:30,42
WBF3B,8/31/2020 0:45,51
WBF3B,8/31/2020 1:00,58
WBF3B,8/31/2020 1:15,78
WBF3B,8/31/2020 1:30,98
WBF3B,8/31/2020 1:45,102
WBF3B,8/31/2020 2:00,93
WBF3B,8/31/2020 2:15,89
WBF3B,8/31/2020 2:30,88
WBF3B,8/31/2020 2:45,88
WBF3B,8/31/2020 3:00,87
WBF3B,8/31/2020 3:15,87
WBF3B,8/31/2020 3:30,88
WBF3B,8/31/2020 3:45,85
WBF3B,8/31/2020 4:00,85
WBF3B,8/31/2020 4:15,83
WBF3B,8/31/2020 4:30,84
WBF3B,8/31/2020 4:45,83
WBF3B,8/31/2020 5:00,85
WBF3B,8/31/2020 5:15,85
WBF3B,8/31/2020 5:30,84
WBF3B,8/31/2020 5:45,90
WBF3B,8/31/2020 6:00,92
WBF3B,8/31/2020 6:15,88
WBF3B,8/31/2020 6:30,87
WBF3B,8/31/2020 6:45,88
WBF3B,8/31/2020 7:00,87
WBF3B,8/31/2020 7:15,87
WBF3B,8/31/2020 7:30,91
WBF3B,8/31/2020 7:45,89
WBF3B,8/31/2020 8:00,90
WBF3B,8/31/2020 8:15,93
WBF3B,8/31/2020 8:30,92
WBF3B,8/31/2020 8:45,94
WBF3B,8/31/2020 9:00,93
WBF3B,8/31/2020 9:15,95
WBF3B,8/31/2020 9:30,97
WBF3B,8/31/2020 9:45,93
WBF3B,8/31/2020 10:00,94
WBF3B,8/31/2020 10:15,98
WBF3B,8/31/2020 10:30,94
WBF3B,8/31/2020 10:45,96
WBF3B,8/31/2020 11:00,97
WBF3B,8/31/2020 11:15,97
WBF3B,8/31/2020 11:30,98
WBF3B,8/31/2020 11:45,99
WBF3B,8/31/2020 12:00,102
WBF3B,8/31/2020 12:15,101
WBF3B,8/31/2020 12:30,102
WBF3B,8/31/2020 12:45,100
WBF3B,8/31/2020 13:00,100
WBF3B,8/31/2020 13:15,95
WBF3B,8/31/2020 13:30,99
WBF3B,8/31/2020 13:45,100
WBF3B,8/31/2020 14:00,100
WBF3B,8/31/2020 14:15,101
WBF3B,8/31/2020 14:30,102
WBF3B,8/31/2020 14:45,103
WBF3B,8/31/2020 15:00,104
WBF3B,8/31/2020 15:15,102
WBF3B,8/31/2020 15:30,103
WBF3B,8/31/2020 15:45,102
WBF3B,8/31/2020 16:00,104
WBF3B,8/31/2020 16:15,99
WBF3B,8/31/2020 16:30,100
WBF3B,8/31/2020 16:45,99
WBF3B,8/31/2020 17:00,102
WBF3B,8/31/2020 17:15,102
WBF3B,8/31/2020 17:30,103
WBF3B,8/31/2020 17:45,101
WBF3B,8/31/2020 18:00,103
WBF3B,8/31/2020 18:15,102
WBF3B,8/31/2020 18:30,102
WBF3B,8/31/2020 18:45,102
WBF3B,8/31/2020 19:00,101
WBF3B,8/31/2020 19:15,102
WBF3B,8/31/2020 19:30,99
WBF3B,8/31/2020 19:45,103
WBF3B,8/31/2020 20:00,100
WBF3B,8/31/2020 20:15,102
WBF3B,8/31/2020 20:30,101
WBF3B,8/31/2020 20:45,100
WBF3B,8/31/2020 21:00,103
WBF3B,8/31/2020 21:15,100
WBF3B,8/31/2020 21:30,99
WBF3B,8/31/2020 21:45,99
WBF3B,8/31/2020 22:00,103
WBF3B,8/31/2020 22:15,101
WBF3B,8/31/2020 22:30,99
WBF3B,8/31/2020 22:45,96
WBF3B,8/31/2020 23:00,97
WBF3B,8/31/2020 23:15,99
WBF3B,8/31/2020 23:30,97
WBF3B,8/31/2020 23:45,96
WBF3B,9/1/2020 0:00,99
WBF3B,9/1/2020 0:15,99
WBF3B,9/1/2020 0:30,100
WBF3B,9/1/2020 0:45,98
WBF3B,9/1/2020 1:00,95
WBF3B,9/1/2020 1:15,97
WBF3B,9/1/2020 1:30,96
WBF3B,9/1/2020 1:45,95
WBF3B,9/1/2020 2:00,97
WBF3B,9/1/2020 2:15,95
WBF3B,9/1/2020 2:30,93
WBF3B,9/1/2020 2:45,94
WBF3B,9/1/2020 3:00,94
WBF3B,9/1/2020 3:15,94
WBF3B,9/1/2020 3:30,93
WBF3B,9/1/2020 3:45,92
WBF3B,9/1/2020 4:00,94
WBF3B,9/1/2020 4:15,91
WBF3B,9/1/2020 4:30,90
WBF3B,9/1/2020 4:45,92
WBF3B,9/1/2020 5:00,91
WBF3B,9/1/2020 5:15,91
WBF3B,9/1/2020 5:30,92
WBF3B,9/1/2020 5:45,99
WBF3B,9/1/2020 6:00,96
WBF3B,9/1/2020 6:15,100
WBF3B,9/1/2020 6:30,99
WBF3B,9/1/2020 6:45,97
WBF3B,9/1/2020 7:00,97
WBF3B,9/1/2020 7:15,95
WBF3B,9/1/2020 7:30,99
WBF3B,9/1/2020 7:45,99
WBF3B,9/1/2020 8:00,97
WBF3B,9/1/2020 8:15,98
WBF3B,9/1/2020 8:30,102
WBF3B,9/1/2020 8:45,93
WBF3B,9/1/2020 9:00,93
WBF3B,9/1/2020 9:15,99
WBF3B,9/1/2020 9:30,103
WBF3B,9/1/2020 9:45,100
WBF3B,9/1/2020 10:00,103
WBF3B,9/1/2020 10:15,104
WBF3B,9/1/2020 10:30,102
WBF3B,9/1/2020 10:45,103
WBF3B,9/1/2020 11:00,103
WBF3B,9/1/2020 11:15,105
WBF3B,9/1/2020 11:30,108
WBF3B,9/1/2020 11:45,108
WBF3B,9/1/2020 12:00,110
WBF3B,9/1/2020 12:15,110
WBF3B,9/1/2020 12:30,115
WBF3B,9/1/2020 12:45,116
WBF3B,9/1/2020 13:00,112
WBF3B,9/1/2020 13:15,117
WBF3B,9/1/2020 13:30,114
WBF3B,9/1/2020 13:45,115
WBF3B,9/1/2020 14:00,115
WBF3B,9/1/2020 14:15,115
WBF3B,9/1/2020 14:30,118
WBF3B,9/1/2020 14:45,121
WBF3B,9/1/2020 15:00,123
WBF3B,9/1/2020 15:15,124
WBF3B,9/1/2020 15:30,125
WBF3B,9/1/2020 15:45,125
WBF3B,9/1/2020 16:00,125
WBF3B,9/1/2020 16:15,124
WBF3B,9/1/2020 16:30,122
WBF3B,9/1/2020 16:45,124
WBF3B,9/1/2020 17:00,123
WBF3B,9/1/2020 17:15,119
WBF3B,9/1/2020 17:30,124
WBF3B,9/1/2020 17:45,116
WBF3B,9/1/2020 18:00,120
WBF3B,9/1/2020 18:15,119
WBF3B,9/1/2020 18:30,121
WBF3B,9/1/2020 18:45,122
WBF3B,9/1/2020 19:00,117
WBF3B,9/1/2020 19:15,121
WBF3B,9/1/2020 19:30,123
WBF3B,9/1/2020 19:45,121
WBF3B,9/1/2020 20:00,121
WBF3B,9/1/2020 20:15,119
WBF3B,9/1/2020 20:30,119
WBF3B,9/1/2020 20:45,120
WBF3B,9/1/2020 21:00,118
WBF3B,9/1/2020 21:15,119
WBF3B,9/1/2020 21:30,120
WBF3B,9/1/2020 21:45,118
WBF3B,9/1/2020 22:00,120
WBF3B,9/1/2020 22:15,118
WBF3B,9/1/2020 22:30,116
WBF3B,9/1/2020 22:45,116
WBF3B,9/1/2020 23:00,117
WBF3B,9/1/2020 23:15,121
WBF3B,9/1/2020 23:30,119
WBF3B,9/1/2020 23:45,119
WBF3B,9/2/2020 0:00,116
WBF3B,9/2/2020 0:15,114
WBF3B,9/2/2020 0:30,112
WBF3B,9/2/2020 0:45,110
WBF3B,9/2/2020 1:00,116
WBF3B,9/2/2020 1:15,110
WBF3B,9/2/2020 1:30,117
WBF3B,9/2/2020 1:45,106
WBF3B,9/2/2020 2:00,112
WBF3B,9/2/2020 2:15,111
WBF3B,9/2/2020 2:30,108
WBF3B,9/2/2020 2:45,108
WBF3B,9/2/2020 3:00,106
WBF3B,9/2/2020 3:15,106
WBF3B,9/2/2020 3:30,111
WBF3B,9/2/2020 3:45,112
WBF3B,9/2/2020 4:00,109
WBF3B,9/2/2020 4:15,106
WBF3B,9/2/2020 4:30,107
WBF3B,9/2/2020 4:45,106
WBF3B,9/2/2020 5:00,106
WBF3B,9/2/2020 5:15,109
WBF3B,9/2/2020 5:30,113
WBF3B,9/2/2020 5:45,115
WBF3B,9/2/2020 6:00,113
WBF3B,9/2/2020 6:15,112
WBF3B,9/2/2020 6:30,113
WBF3B,9/2/2020 6:45,113
WBF3B,9/2/2020 7:00,110
WBF3B,9/2/2020 7:15,110
WBF3B,9/2/2020 7:30,112
WBF3B,9/2/2020 7:45,111
WBF3B,9/2/2020 8:00,113
WBF3B,9/2/2020 8:15,111
WBF3B,9/2/2020 8:30,115
WBF3B,9/2/2020 8:45,114
WBF3B,9/2/2020 9:00,115
WBF3B,9/2/2020 9:15,116
WBF3B,9/2/2020 9:30,117
WBF3B,9/2/2020 9:45,114
WBF3B,9/2/2020 10:00,119
WBF3B,9/2/2020 10:15,113
WBF3B,9/2/2020 10:30,119
WBF3B,9/2/2020 10:45,115
WBF3B,9/2/2020 11:00,120
WBF3B,9/2/2020 11:15,116
WBF3B,9/2/2020 11:30,111
WBF3B,9/2/2020 11:45,113
WBF3B,9/2/2020 12:00,113
WBF3B,9/2/2020 12:15,113
WBF3B,9/2/2020 12:30,118
WBF3B,9/2/2020 12:45,113
WBF3B,9/2/2020 13:00,120
WBF3B,9/2/2020 13:15,116
WBF3B,9/2/2020 13:30,120
WBF3B,9/2/2020 13:45,114
WBF3B,9/2/2020 14:00,123
WBF3B,9/2/2020 14:15,116
WBF3B,9/2/2020 14:30,121
WBF3B,9/2/2020 14:45,120
WBF3B,9/2/2020 15:00,121
WBF3B,9/2/2020 15:15,122
WBF3B,9/2/2020 15:30,125
WBF3B,9/2/2020 15:45,125
WBF3B,9/2/2020 16:00,124
WBF3B,9/2/2020 16:15,125
WBF3B,9/2/2020 16:30,123
WBF3B,9/2/2020 16:45,125
WBF3B,9/2/2020 17:00,124
WBF3B,9/2/2020 17:15,125
WBF3B,9/2/2020 17:30,123
WBF3B,9/2/2020 17:45,123
WBF3B,9/2/2020 18:00,122
WBF3B,9/2/2020 18:15,122
WBF3B,9/2/2020 18:30,122
WBF3B,9/2/2020 18:45,120
WBF3B,9/2/2020 19:00,118
WBF3B,9/2/2020 19:15,116
WBF3B,9/2/2020 19:30,114
WBF3B,9/2/2020 19:45,112
WBF3B,9/2/2020 20:00,112
WBF3B,9/2/2020 20:15,110
WBF3B,9/2/2020 20:30,111
WBF3B,9/2/2020 20:45,109
WBF3B,9/2/2020 21:00,104
WBF3B,9/2/2020 21:15,108
WBF3B,9/2/2020 21:30,109
WBF3B,9/2/2020 21:45,104
WBF3B,9/2/2020 22:00,108
WBF3B,9/2/2020 22:15,106
WBF3B,9/2/2020 22:30,105
WBF3B,9/2/2020 22:45,102
WBF3B,9/2/2020 23:00,106
WBF3B,9/2/2020 23:15,106
WBF3B,9/2/2020 23:30,107
WBF3B,9/2/2020 23:45,106
WBF3B,9/3/2020 0:00,104
WBF3B,9/3/2020 0:15,102
WBF3B,9/3/2020 0:30,102
WBF3B,9/3/2020 0:45,101
WBF3B,9/3/2020 1:00,98
WBF3B,9/3/2020 1:15,98
WBF3B,9/3/2020 1:30,97
WBF3B,9/3/2020 1:45,96
WBF3B,9/3/2020 2:00,96
WBF3B,9/3/2020 2:15,96
WBF3B,9/3/2020 2:30,95
WBF3B,9/3/2020 2:45,93
WBF3B,9/3/2020 3:00,93
WBF3B,9/3/2020 3:15,92
WBF3B,9/3/2020 3:30,95
WBF3B,9/3/2020 3:45,93
WBF3B,9/3/2020 4:00,92
WBF3B,9/3/2020 4:15,91
WBF3B,9/3/2020 4:30,78
WBF3B,9/3/2020 4:45,72
WBF3B,9/3/2020 5:00,80
WBF3B,9/3/2020 5:15,112
WBF3B,9/3/2020 5:30,113
WBF3B,9/3/2020 5:45,117
WBF3B,9/3/2020 6:00,111
WBF3B,9/3/2020 6:15,106
WBF3B,9/3/2020 6:30,106
WBF3B,9/3/2020 6:45,104
WBF3B,9/3/2020 7:00,103
WBF3B,9/3/2020 7:15,101
WBF3B,9/3/2020 7:30,101
WBF3B,9/3/2020 7:45,100
WBF3B,9/3/2020 8:00,101
WBF3B,9/3/2020 8:15,102
WBF3B,9/3/2020 8:30,104
WBF3B,9/3/2020 8:45,104
WBF3B,9/3/2020 9:00,106
WBF3B,9/3/2020 9:15,107
WBF3B,9/3/2020 9:30,109
WBF3B,9/3/2020 9:45,115
WBF3B,9/3/2020 10:00,113
WBF3B,9/3/2020 10:15,110
WBF3B,9/3/2020 10:30,112
WBF3B,9/3/2020 10:45,111
WBF3B,9/3/2020 11:00,108
WBF3B,9/3/2020 11:15,109
WBF3B,9/3/2020 11:30,108
WBF3B,9/3/2020 11:45,112
WBF3B,9/3/2020 12:00,112
WBF3B,9/3/2020 12:15,113
WBF3B,9/3/2020 12:30,117
WBF3B,9/3/2020 12:45,113
WBF3B,9/3/2020 13:00,112
WBF3B,9/3/2020 13:15,114
WBF3B,9/3/2020 13:30,113
WBF3B,9/3/2020 13:45,84
WBF3B,9/3/2020 14:00,84
WBF3B,9/3/2020 14:15,88
WBF3B,9/3/2020 14:30,88
WBF3B,9/3/2020 14:45,87
WBF3B,9/3/2020 15:00,101
WBF3B,9/3/2020 15:15,101
WBF3B,9/3/2020 15:30,100
WBF3B,9/3/2020 15:45,80
WBF3B,9/3/2020 16:00,69
WBF3B,9/3/2020 16:15,55
WBF3B,9/3/2020 16:30,59
WBF3B,9/3/2020 16:45,59
WBF3B,9/3/2020 17:00,58
WBF3B,9/3/2020 17:15,58
WBF3B,9/3/2020 17:30,59
WBF3B,9/3/2020 17:45,67
WBF3B,9/3/2020 18:00,78
WBF3B,9/3/2020 18:15,76
WBF3B,9/3/2020 18:30,31
WBF3B,9/3/2020 18:45,54
WBF3B,9/3/2020 19:00,67
WBF3B,9/3/2020 19:15,102
WBF3B,9/3/2020 19:30,100
WBF3B,9/3/2020 19:45,79
WBF3B,9/3/2020 20:00,51
WBF3B,9/3/2020 20:15,46
WBF3B,9/3/2020 20:30,44
WBF3B,9/3/2020 20:45,45
WBF3B,9/3/2020 21:00,50
WBF3B,9/3/2020 21:15,58
WBF3B,9/3/2020 21:30,56
WBF3B,9/3/2020 21:45,56
WBF3B,9/3/2020 22:00,57
WBF3B,9/3/2020 22:15,44
WBF3B,9/3/2020 22:30,41
WBF3B,9/3/2020 22:45,40
WBF3B,9/3/2020 23:00,40
WBF3B,9/3/2020 23:15,43
WBF3B,9/3/2020 23:30,55
WBF3B,9/3/2020 23:45,67
WBF3B,9/4/2020 0:00,71
WBF3B,9/4/2020 0:15,72
WBF3B,9/4/2020 0:30,58
WBF3B,9/4/2020 0:45,52
WBF3B,9/4/2020 1:00,52
WBF3B,9/4/2020 1:15,52
WBF3B,9/4/2020 1:30,52
WBF3B,9/4/2020 1:45,51
WBF3B,9/4/2020 2:00,52
WBF3B,9/4/2020 2:15,55
WBF3B,9/4/2020 2:30,54
WBF3B,9/4/2020 2:45,53
WBF3B,9/4/2020 3:00,54
WBF3B,9/4/2020 3:15,53
WBF3B,9/4/2020 3:30,53
WBF3B,9/4/2020 3:45,52
WBF3B,9/4/2020 4:00,52
WBF3B,9/4/2020 4:15,53
WBF3B,9/4/2020 4:30,53
WBF3B,9/4/2020 4:45,51
WBF3B,9/4/2020 5:00,51
WBF3B,9/4/2020 5:15,52
WBF3B,9/4/2020 5:30,60
WBF3B,9/4/2020 5:45,77
WBF3B,9/4/2020 6:00,88
WBF3B,9/4/2020 6:15,85
WBF3B,9/4/2020 6:30,60
WBF3B,9/4/2020 6:45,57
WBF3B,9/4/2020 7:00,57
WBF3B,9/4/2020 7:15,56
WBF3B,9/4/2020 7:30,60
WBF3B,9/4/2020 7:45,58
WBF3B,9/4/2020 8:00,63
WBF3B,9/4/2020 8:15,76
WBF3B,9/4/2020 8:30,98
WBF3B,9/4/2020 8:45,104
WBF3B,9/4/2020 9:00,144
WBF3B,9/4/2020 9:15,128
WBF3B,9/4/2020 9:30,107
WBF3B,9/4/2020 9:45,105
WBF3B,9/4/2020 10:00,105
WBF3B,9/4/2020 10:15,106
WBF3B,9/4/2020 10:30,108
WBF3B,9/4/2020 10:45,107
WBF3B,9/4/2020 11:00,105
WBF3B,9/4/2020 11:15,103
WBF3B,9/4/2020 11:30,105
WBF3B,9/4/2020 11:45,106
WBF3B,9/4/2020 12:00,109
WBF3B,9/4/2020 12:15,108
WBF3B,9/4/2020 12:30,110
WBF3B,9/4/2020 12:45,109
WBF3B,9/4/2020 13:00,111
WBF3B,9/4/2020 13:15,108
WBF3B,9/4/2020 13:30,108
WBF3B,9/4/2020 13:45,106
WBF3B,9/4/2020 14:00,107
WBF3B,9/4/2020 14:15,107
WBF3B,9/4/2020 14:30,85
WBF3B,9/4/2020 14:45,120
WBF3B,9/4/2020 15:00,118
WBF3B,9/4/2020 15:15,114
WBF3B,9/4/2020 15:30,111
WBF3B,9/4/2020 15:45,114
WBF3B,9/4/2020 16:00,116
WBF3B,9/4/2020 16:15,112
WBF3B,9/4/2020 16:30,109
WBF3B,9/4/2020 16:45,109
WBF3B,9/4/2020 17:00,112
WBF3B,9/4/2020 17:15,113
WBF3B,9/4/2020 17:30,115
WBF3B,9/4/2020 17:45,115
WBF3B,9/4/2020 18:00,115
WBF3B,9/4/2020 18:15,113
WBF3B,9/4/2020 18:30,110
WBF3B,9/4/2020 18:45,113
WBF3B,9/4/2020 19:00,117
WBF3B,9/4/2020 19:15,113
WBF3B,9/4/2020 19:30,112
WBF3B,9/4/2020 19:45,113
WBF3B,9/4/2020 20:00,114
WBF3B,9/4/2020 20:15,113
WBF3B,9/4/2020 20:30,112
WBF3B,9/4/2020 20:45,110
WBF3B,9/4/2020 21:00,111
WBF3B,9/4/2020 21:15,112
WBF3B,9/4/2020 21:30,112
WBF3B,9/4/2020 21:45,111
WBF3B,9/4/2020 22:00,111
WBF3B,9/4/2020 22:15,110
WBF3B,9/4/2020 22:30,111
WBF3B,9/4/2020 22:45,106
WBF3B,9/4/2020 23:00,103
WBF3B,9/4/2020 23:15,105
WBF3B,9/4/2020 23:30,107
WBF3B,9/4/2020 23:45,107
WBF3B,9/5/2020 0:00,105
WBF3B,9/5/2020 0:15,104
WBF3B,9/5/2020 0:30,104
WBF3B,9/5/2020 0:45,106
WBF3B,9/5/2020 1:00,104
WBF3B,9/5/2020 1:15,102
WBF3B,9/5/2020 1:30,103
WBF3B,9/5/2020 1:45,102
WBF3B,9/5/2020 2:00,101
WBF3B,9/5/2020 2:15,104
WBF3B,9/5/2020 2:30,103
WBF3B,9/5/2020 2:45,102
WBF3B,9/5/2020 3:00,100
WBF3B,9/5/2020 3:15,81
WBF3B,9/5/2020 3:30,74
WBF3B,9/5/2020 3:45,79
WBF3B,9/5/2020 4:00,92
WBF3B,9/5/2020 4:15,112
WBF3B,9/5/2020 4:30,119
WBF3B,9/5/2020 4:45,110
WBF3B,9/5/2020 5:00,110
WBF3B,9/5/2020 5:15,107
WBF3B,9/5/2020 5:30,109
WBF3B,9/5/2020 5:45,108
WBF3B,9/5/2020 6:00,108
WBF3B,9/5/2020 6:15,107
WBF3B,9/5/2020 6:30,107
WBF3B,9/5/2020 6:45,105
WBF3B,9/5/2020 7:00,103
WBF3B,9/5/2020 7:15,106
WBF3B,9/5/2020 7:30,106
WBF3B,9/5/2020 7:45,109
WBF3B,9/5/2020 8:00,111
WBF3B,9/5/2020 8:15,112
WBF3B,9/5/2020 8:30,111
WBF3B,9/5/2020 8:45,112
WBF3B,9/5/2020 9:00,112
WBF3B,9/5/2020 9:15,109
WBF3B,9/5/2020 9:30,111
WBF3B,9/5/2020 9:45,107
WBF3B,9/5/2020 10:00,106
WBF3B,9/5/2020 10:15,106
WBF3B,9/5/2020 10:30,106
WBF3B,9/5/2020 10:45,104
WBF3B,9/5/2020 11:00,104
WBF3B,9/5/2020 11:15,103
WBF3B,9/5/2020 11:30,102
WBF3B,9/5/2020 11:45,103
WBF3B,9/5/2020 12:00,103
WBF3B,9/5/2020 12:15,103
WBF3B,9/5/2020 12:30,103
WBF3B,9/5/2020 12:45,105
WBF3B,9/5/2020 13:00,110
WBF3B,9/5/2020 13:15,113
WBF3B,9/5/2020 13:30,113
WBF3B,9/5/2020 13:45,111
WBF3B,9/5/2020 14:00,108
WBF3B,9/5/2020 14:15,114
WBF3B,9/5/2020 14:30,109
WBF3B,9/5/2020 14:45,107
WBF3B,9/5/2020 15:00,106
WBF3B,9/5/2020 15:15,106
WBF3B,9/5/2020 15:30,107
WBF3B,9/5/2020 15:45,105
WBF3B,9/5/2020 16:00,104
WBF3B,9/5/2020 16:15,105
WBF3B,9/5/2020 16:30,104
WBF3B,9/5/2020 16:45,104
WBF3B,9/5/2020 17:00,104
WBF3B,9/5/2020 17:15,104
WBF3B,9/5/2020 17:30,103
WBF3B,9/5/2020 17:45,103
WBF3B,9/5/2020 18:00,102
WBF3B,9/5/2020 18:15,101
WBF3B,9/5/2020 18:30,102
WBF3B,9/5/2020 18:45,105
WBF3B,9/5/2020 19:00,107
WBF3B,9/5/2020 19:15,106
WBF3B,9/5/2020 19:30,104
WBF3B,9/5/2020 19:45,102
WBF3B,9/5/2020 20:00,102
WBF3B,9/5/2020 20:15,101
WBF3B,9/5/2020 20:30,99
WBF3B,9/5/2020 20:45,99
WBF3B,9/5/2020 21:00,100
WBF3B,9/5/2020 21:15,103
WBF3B,9/5/2020 21:30,101
WBF3B,9/5/2020 21:45,100
WBF3B,9/5/2020 22:00,99
WBF3B,9/5/2020 22:15,96
WBF3B,9/5/2020 22:30,100
WBF3B,9/5/2020 22:45,94
WBF3B,9/5/2020 23:00,94
WBF3B,9/5/2020 23:15,97
WBF3B,9/5/2020 23:30,96
WBF3B,9/5/2020 23:45,98
WBF3B,9/6/2020 0:00,97
WBF3B,9/6/2020 0:15,94
WBF3B,9/6/2020 0:30,99
WBF3B,9/6/2020 0:45,97
WBF3B,9/6/2020 1:00,95
WBF3B,9/6/2020 1:15,96
WBF3B,9/6/2020 1:30,99
WBF3B,9/6/2020 1:45,98
WBF3B,9/6/2020 2:00,99
WBF3B,9/6/2020 2:15,99
WBF3B,9/6/2020 2:30,98
WBF3B,9/6/2020 2:45,96
WBF3B,9/6/2020 3:00,98
WBF3B,9/6/2020 3:15,100
WBF3B,9/6/2020 3:30,102
WBF3B,9/6/2020 3:45,103
WBF3B,9/6/2020 4:00,101
WBF3B,9/6/2020 4:15,104
WBF3B,9/6/2020 4:30,103
WBF3B,9/6/2020 4:45,102
WBF3B,9/6/2020 5:00,100
WBF3B,9/6/2020 5:15,103
WBF3B,9/6/2020 5:30,101
WBF3B,9/6/2020 5:45,102
WBF3B,9/6/2020 6:00,101
WBF3B,9/6/2020 6:15,103
WBF3B,9/6/2020 6:30,102
WBF3B,9/6/2020 6:45,102
WBF3B,9/6/2020 7:00,102
WBF3B,9/6/2020 7:15,100
WBF3B,9/6/2020 7:30,102
WBF3B,9/6/2020 7:45,104
WBF3B,9/6/2020 8:00,104
WBF3B,9/6/2020 8:15,102
WBF3B,9/6/2020 8:30,101
WBF3B,9/6/2020 8:45,104
WBF3B,9/6/2020 9:00,103
WBF3B,9/6/2020 9:15,102
WBF3B,9/6/2020 9:30,105
WBF3B,9/6/2020 9:45,108
WBF3B,9/6/2020 10:00,105
WBF3B,9/6/2020 10:15,105
WBF3B,9/6/2020 10:30,103
WBF3B,9/6/2020 10:45,104
WBF3B,9/6/2020 11:00,112
WBF3B,9/6/2020 11:15,113
WBF3B,9/6/2020 11:30,111
WBF3B,9/6/2020 11:45,109
WBF3B,9/6/2020 12:00,108
WBF3B,9/6/2020 12:15,108
WBF3B,9/6/2020 12:30,107
WBF3B,9/6/2020 12:45,105
WBF3B,9/6/2020 13:00,106
WBF3B,9/6/2020 13:15,106
WBF3B,9/6/2020 13:30,108
WBF3B,9/6/2020 13:45,115
WBF3B,9/6/2020 14:00,116
WBF3B,9/6/2020 14:15,117
WBF3B,9/6/2020 14:30,117
WBF3B,9/6/2020 14:45,117
WBF3B,9/6/2020 15:00,114
WBF3B,9/6/2020 15:15,112
WBF3B,9/6/2020 15:30,111
WBF3B,9/6/2020 15:45,110
WBF3B,9/6/2020 16:00,109
WBF3B,9/6/2020 16:15,109
WBF3B,9/6/2020 16:30,110
WBF3B,9/6/2020 16:45,117
WBF3B,9/6/2020 17:00,118
WBF3B,9/6/2020 17:15,118
WBF3B,9/6/2020 17:30,115
WBF3B,9/6/2020 17:45,113
WBF3B,9/6/2020 18:00,112
WBF3B,9/6/2020 18:15,111
WBF3B,9/6/2020 18:30,111
WBF3B,9/6/2020 18:45,109
WBF3B,9/6/2020 19:00,107
WBF3B,9/6/2020 19:15,110
WBF3B,9/6/2020 19:30,115
WBF3B,9/6/2020 19:45,116
WBF3B,9/6/2020 20:00,119
WBF3B,9/6/2020 20:15,116
WBF3B,9/6/2020 20:30,113
WBF3B,9/6/2020 20:45,112
WBF3B,9/6/2020 21:00,112
WBF3B,9/6/2020 21:15,110
WBF3B,9/6/2020 21:30,110
WBF3B,9/6/2020 21:45,108
WBF3B,9/6/2020 22:00,106
WBF3B,9/6/2020 22:15,105
WBF3B,9/6/2020 22:30,104
WBF3B,9/6/2020 22:45,108
WBF3B,9/6/2020 23:00,109
WBF3B,9/6/2020 23:15,107
WBF3B,9/6/2020 23:30,106
WBF3B,9/6/2020 23:45,103
WBF3B,9/7/2020 0:00,103
WBF3B,9/7/2020 0:15,103
WBF3B,9/7/2020 0:30,103
WBF3B,9/7/2020 0:45,105
WBF3B,9/7/2020 1:00,102
WBF3B,9/7/2020 1:15,99
WBF3B,9/7/2020 1:30,99
WBF3B,9/7/2020 1:45,104
WBF3B,9/7/2020 2:00,101
WBF3B,9/7/2020 2:15,99
WBF3B,9/7/2020 2:30,100
WBF3B,9/7/2020 2:45,103
WBF3B,9/7/2020 3:00,100
WBF3B,9/7/2020 3:15,100
WBF3B,9/7/2020 3:30,102
WBF3B,9/7/2020 3:45,101
WBF3B,9/7/2020 4:00,100
WBF3B,9/7/2020 4:15,102
WBF3B,9/7/2020 4:30,101
WBF3B,9/7/2020 4:45,102
WBF3B,9/7/2020 5:00,100
WBF3B,9/7/2020 5:15,103
WBF3B,9/7/2020 5:30,101
WBF3B,9/7/2020 5:45,102
WBF3B,9/7/2020 6:00,103
WBF3B,9/7/2020 6:15,104
WBF3B,9/7/2020 6:30,105
WBF3B,9/7/2020 6:45,102
WBF3B,9/7/2020 7:00,104
WBF3B,9/7/2020 7:15,104
WBF3B,9/7/2020 7:30,101
WBF3B,9/7/2020 7:45,104
WBF3B,9/7/2020 8:00,102
WBF3B,9/7/2020 8:15,101
WBF3B,9/7/2020 8:30,102
WBF3B,9/7/2020 8:45,103
WBF3B,9/7/2020 9:00,72
WBF3B,9/7/2020 9:15,93
WBF3B,9/7/2020 9:30,98
WBF3B,9/7/2020 9:45,97
WBF3B,9/7/2020 10:00,103
WBF3B,9/7/2020 10:15,103
WBF3B,9/7/2020 10:30,103
WBF3B,9/7/2020 10:45,104
WBF3B,9/7/2020 11:00,102
WBF3B,9/7/2020 11:15,99
WBF3B,9/7/2020 11:30,98
WBF3B,9/7/2020 11:45,103
WBF3B,9/7/2020 12:00,95
WBF3B,9/7/2020 12:15,94
WBF3B,9/7/2020 12:30,94
WBF3B,9/7/2020 12:45,97
WBF3B,9/7/2020 13:00,105
WBF3B,9/7/2020 13:15,98
WBF3B,9/7/2020 13:30,96
WBF3B,9/7/2020 13:45,97
WBF3B,9/7/2020 14:00,96
WBF3B,9/7/2020 14:15,98
WBF3B,9/7/2020 14:30,99
WBF3B,9/7/2020 14:45,105
WBF3B,9/7/2020 15:00,100
WBF3B,9/7/2020 15:15,98
WBF3B,9/7/2020 15:30,96
WBF3B,9/7/2020 15:45,93
WBF3B,9/7/2020 16:00,93
WBF3B,9/7/2020 16:15,94
WBF3B,9/7/2020 16:30,100
WBF3B,9/7/2020 16:45,102
WBF3B,9/7/2020 17:00,98
WBF3B,9/7/2020 17:15,97
WBF3B,9/7/2020 17:30,95
WBF3B,9/7/2020 17:45,96
WBF3B,9/7/2020 18:00,95
WBF3B,9/7/2020 18:15,96
WBF3B,9/7/2020 18:30,94
WBF3B,9/7/2020 18:45,99
WBF3B,9/7/2020 19:00,102
WBF3B,9/7/2020 19:15,103
WBF3B,9/7/2020 19:30,98
WBF3B,9/7/2020 19:45,99
WBF3B,9/7/2020 20:00,96
WBF3B,9/7/2020 20:15,96
WBF3B,9/7/2020 20:30,93
WBF3B,9/7/2020 20:45,92
WBF3B,9/7/2020 21:00,92
WBF3B,9/7/2020 21:15,95
WBF3B,9/7/2020 21:30,98
WBF3B,9/7/2020 21:45,93
WBF3B,9/7/2020 22:00,92
WBF3B,9/7/2020 22:15,91
WBF3B,9/7/2020 22:30,90
WBF3B,9/7/2020 22:45,95
WBF3B,9/7/2020 23:00,94
WBF3B,9/7/2020 23:15,91
WBF3B,9/7/2020 23:30,88
WBF3B,9/7/2020 23:45,90
WBF3B,9/8/2020 0:00,76
WBF3B,9/8/2020 0:15,68
WBF3B,9/8/2020 0:30,76
WBF3B,9/8/2020 0:45,85
WBF3B,9/8/2020 1:00,94
WBF3B,9/8/2020 1:15,99
WBF3B,9/8/2020 1:30,96
WBF3B,9/8/2020 1:45,101
WBF3B,9/8/2020 2:00,99
WBF3B,9/8/2020 2:15,97
WBF3B,9/8/2020 2:30,94
WBF3B,9/8/2020 2:45,95
WBF3B,9/8/2020 3:00,94
WBF3B,9/8/2020 3:15,98
WBF3B,9/8/2020 3:30,94
WBF3B,9/8/2020 3:45,93
WBF3B,9/8/2020 4:00,93
WBF3B,9/8/2020 4:15,93
WBF3B,9/8/2020 4:30,90
WBF3B,9/8/2020 4:45,91
WBF3B,9/8/2020 5:00,91
WBF3B,9/8/2020 5:15,89
WBF3B,9/8/2020 5:30,93
WBF3B,9/8/2020 5:45,93
WBF3B,9/8/2020 6:00,93
WBF3B,9/8/2020 6:15,95
WBF3B,9/8/2020 6:30,96
WBF3B,9/8/2020 6:45,94
WBF3B,9/8/2020 7:00,94
WBF3B,9/8/2020 7:15,95
WBF3B,9/8/2020 7:30,93
WBF3B,9/8/2020 7:45,97
WBF3B,9/8/2020 8:00,95
WBF3B,9/8/2020 8:15,95
WBF3B,9/8/2020 8:30,75
WBF3B,9/8/2020 8:45,69
WBF3B,9/8/2020 9:00,68
WBF3B,9/8/2020 9:15,62
WBF3B,9/8/2020 9:30,56
WBF3B,9/8/2020 9:45,63
WBF3B,9/8/2020 10:00,68
WBF3B,9/8/2020 10:15,88
WBF3B,9/8/2020 10:30,99
WBF3B,9/8/2020 10:45,100
WBF3B,9/8/2020 11:00,100
WBF3B,9/8/2020 11:15,101
WBF3B,9/8/2020 11:30,101
WBF3B,9/8/2020 11:45,101
WBF3B,9/8/2020 12:00,101
WBF3B,9/8/2020 12:15,101
WBF3B,9/8/2020 12:30,100
WBF3B,9/8/2020 12:45,101
WBF3B,9/8/2020 13:00,101
WBF3B,9/8/2020 13:15,101
WBF3B,9/8/2020 13:30,100
WBF3B,9/8/2020 13:45,100
WBF3B,9/8/2020 14:00,99
WBF3B,9/8/2020 14:15,73
WBF3B,9/8/2020 14:30,50
WBF3B,9/8/2020 14:45,47
WBF3B,9/8/2020 15:00,47
WBF3B,9/8/2020 15:15,49
WBF3B,9/8/2020 15:30,51
WBF3B,9/8/2020 15:45,66
WBF3B,9/8/2020 16:00,90
WBF3B,9/8/2020 16:15,99
WBF3B,9/8/2020 16:30,101
WBF3B,9/8/2020 16:45,101
WBF3B,9/8/2020 17:00,101
WBF3B,9/8/2020 17:15,101
WBF3B,9/8/2020 17:30,102
WBF3B,9/8/2020 17:45,98
WBF3B,9/8/2020 18:00,90
WBF3B,9/8/2020 18:15,96
WBF3B,9/8/2020 18:30,98
WBF3B,9/8/2020 18:45,94
WBF3B,9/8/2020 19:00,72
WBF3B,9/8/2020 19:15,65
WBF3B,9/8/2020 19:30,62
WBF3B,9/8/2020 19:45,58
WBF3B,9/8/2020 20:00,56
WBF3B,9/8/2020 20:15,49
WBF3B,9/8/2020 20:30,49
WBF3B,9/8/2020 20:45,47
WBF3B,9/8/2020 21:00,48
WBF3B,9/8/2020 21:15,47
WBF3B,9/8/2020 21:30,46
WBF3B,9/8/2020 21:45,47
WBF3B,9/8/2020 22:00,48
WBF3B,9/8/2020 22:15,44
WBF3B,9/8/2020 22:30,45
WBF3B,9/8/2020 22:45,43
WBF3B,9/8/2020 23:00,42
WBF3B,9/8/2020 23:15,36
WBF3B,9/8/2020 23:30,36
WBF3B,9/8/2020 23:45,36
WBF3B,9/9/2020 0:00,37
WBF3B,9/9/2020 0:15,35
WBF3B,9/9/2020 0:30,35
WBF3B,9/9/2020 0:45,37
WBF3B,9/9/2020 1:00,40
WBF3B,9/9/2020 1:15,44
WBF3B,9/9/2020 1:30,44
WBF3B,9/9/2020 1:45,46
WBF3B,9/9/2020 2:00,50
WBF3B,9/9/2020 2:15,52
WBF3B,9/9/2020 2:30,53
WBF3B,9/9/2020 2:45,53
WBF3B,9/9/2020 3:00,51
WBF3B,9/9/2020 3:15,50
WBF3B,9/9/2020 3:30,48
WBF3B,9/9/2020 3:45,48
WBF3B,9/9/2020 4:00,48
WBF3B,9/9/2020 4:15,49
WBF3B,9/9/2020 4:30,50
WBF3B,9/9/2020 4:45,51
WBF3B,9/9/2020 5:00,52
WBF3B,9/9/2020 5:15,59
WBF3B,9/9/2020 5:30,75
WBF3B,9/9/2020 5:45,88
WBF3B,9/9/2020 6:00,93
WBF3B,9/9/2020 6:15,91
WBF3B,9/9/2020 6:30,90
WBF3B,9/9/2020 6:45,86
WBF3B,9/9/2020 7:00,61
WBF3B,9/9/2020 7:15,56
WBF3B,9/9/2020 7:30,55
WBF3B,9/9/2020 7:45,55
WBF3B,9/9/2020 8:00,57
WBF3B,9/9/2020 8:15,62
WBF3B,9/9/2020 8:30,72
WBF3B,9/9/2020 8:45,80
WBF3B,9/9/2020 9:00,88
WBF3B,9/9/2020 9:15,89
WBF3B,9/9/2020 9:30,74
WBF3B,9/9/2020 9:45,102
WBF3B,9/9/2020 10:00,101
WBF3B,9/9/2020 10:15,100
WBF3B,9/9/2020 10:30,101
WBF3B,9/9/2020 10:45,102
WBF3B,9/9/2020 11:00,102
WBF3B,9/9/2020 11:15,102
WBF3B,9/9/2020 11:30,105
WBF3B,9/9/2020 11:45,107
WBF3B,9/9/2020 12:00,107
WBF3B,9/9/2020 12:15,108
WBF3B,9/9/2020 12:30,104
WBF3B,9/9/2020 12:45,103
WBF3B,9/9/2020 13:00,101
WBF3B,9/9/2020 13:15,102
WBF3B,9/9/2020 13:30,102
WBF3B,9/9/2020 13:45,103
WBF3B,9/9/2020 14:00,103
WBF3B,9/9/2020 14:15,102
WBF3B,9/9/2020 14:30,103
WBF3B,9/9/2020 14:45,104
WBF3B,9/9/2020 15:00,106
WBF3B,9/9/2020 15:15,106
WBF3B,9/9/2020 15:30,105
WBF3B,9/9/2020 15:45,105
WBF3B,9/9/2020 16:00,107
WBF3B,9/9/2020 16:15,107
WBF3B,9/9/2020 16:30,108
WBF3B,9/9/2020 16:45,107
WBF3B,9/9/2020 17:00,109
WBF3B,9/9/2020 17:15,108
WBF3B,9/9/2020 17:30,108
WBF3B,9/9/2020 17:45,107
WBF3B,9/9/2020 18:00,108
WBF3B,9/9/2020 18:15,110
WBF3B,9/9/2020 18:30,109
WBF3B,9/9/2020 18:45,109
WBF3B,9/9/2020 19:00,109
WBF3B,9/9/2020 19:15,107
WBF3B,9/9/2020 19:30,108
WBF3B,9/9/2020 19:45,108
WBF3B,9/9/2020 20:00,104
WBF3B,9/9/2020 20:15,104
WBF3B,9/9/2020 20:30,104
WBF3B,9/9/2020 20:45,129
WBF3B,9/9/2020 21:00,137
WBF3B,9/9/2020 21:15,135
WBF3B,9/9/2020 21:30,135
WBF3B,9/9/2020 21:45,121
WBF3B,9/9/2020 22:00,108
WBF3B,9/9/2020 22:15,85
WBF3B,9/9/2020 22:30,73
WBF3B,9/9/2020 22:45,75
WBF3B,9/9/2020 23:00,77
WBF3B,9/9/2020 23:15,76
WBF3B,9/9/2020 23:30,76
WBF3B,9/9/2020 23:45,72
WBF3B,9/10/2020 0:00,73
WBF3B,9/10/2020 0:15,78
WBF3B,9/10/2020 0:30,81
WBF3B,9/10/2020 0:45,79
WBF3B,9/10/2020 1:00,81
WBF3B,9/10/2020 1:15,84
WBF3B,9/10/2020 1:30,81
WBF3B,9/10/2020 1:45,82
WBF3B,9/10/2020 2:00,82
WBF3B,9/10/2020 2:15,81
WBF3B,9/10/2020 2:30,80
WBF3B,9/10/2020 2:45,80
WBF3B,9/10/2020 3:00,79
WBF3B,9/10/2020 3:15,80
WBF3B,9/10/2020 3:30,81
WBF3B,9/10/2020 3:45,82
WBF3B,9/10/2020 4:00,82
WBF3B,9/10/2020 4:15,83
WBF3B,9/10/2020 4:30,86
WBF3B,9/10/2020 4:45,85
WBF3B,9/10/2020 5:00,86
WBF3B,9/10/2020 5:15,89
WBF3B,9/10/2020 5:30,98
WBF3B,9/10/2020 5:45,105
WBF3B,9/10/2020 6:00,108
WBF3B,9/10/2020 6:15,105
WBF3B,9/10/2020 6:30,105
WBF3B,9/10/2020 6:45,102
WBF3B,9/10/2020 7:00,102
WBF3B,9/10/2020 7:15,102
WBF3B,9/10/2020 7:30,102
WBF3B,9/10/2020 7:45,102
WBF3B,9/10/2020 8:00,102
WBF3B,9/10/2020 8:15,103
WBF3B,9/10/2020 8:30,101
WBF3B,9/10/2020 8:45,101
WBF3B,9/10/2020 9:00,101
WBF3B,9/10/2020 9:15,100
WBF3B,9/10/2020 9:30,102
WBF3B,9/10/2020 9:45,103
WBF3B,9/10/2020 10:00,109
WBF3B,9/10/2020 10:15,116
WBF3B,9/10/2020 10:30,116
WBF3B,9/10/2020 10:45,118
WBF3B,9/10/2020 11:00,122
WBF3B,9/10/2020 11:15,124
WBF3B,9/10/2020 11:30,125
WBF3B,9/10/2020 11:45,125
WBF3B,9/10/2020 12:00,125
WBF3B,9/10/2020 12:15,124
WBF3B,9/10/2020 12:30,126
WBF3B,9/10/2020 12:45,124
WBF3B,9/10/2020 13:00,123
WBF3B,9/10/2020 13:15,123
WBF3B,9/10/2020 13:30,123
WBF3B,9/10/2020 13:45,124
WBF3B,9/10/2020 14:00,123
WBF3B,9/10/2020 14:15,98
WBF3B,9/10/2020 14:30,91
WBF3B,9/10/2020 14:45,98
WBF3B,9/10/2020 15:00,137
WBF3B,9/10/2020 15:15,148
WBF3B,9/10/2020 15:30,134
WBF3B,9/10/2020 15:45,103
WBF3B,9/10/2020 16:00,100
WBF3B,9/10/2020 16:15,93
WBF3B,9/10/2020 16:30,89
WBF3B,9/10/2020 16:45,92
WBF3B,9/10/2020 17:00,94
WBF3B,9/10/2020 17:15,93
WBF3B,9/10/2020 17:30,95
WBF3B,9/10/2020 17:45,98
WBF3B,9/10/2020 18:00,100
WBF3B,9/10/2020 18:15,100
WBF3B,9/10/2020 18:30,101
WBF3B,9/10/2020 18:45,106
WBF3B,9/10/2020 19:00,105
WBF3B,9/10/2020 19:15,108
WBF3B,9/10/2020 19:30,109
WBF3B,9/10/2020 19:45,107
WBF3B,9/10/2020 20:00,108
WBF3B,9/10/2020 20:15,104
WBF3B,9/10/2020 20:30,99
WBF3B,9/10/2020 20:45,95
WBF3B,9/10/2020 21:00,94
WBF3B,9/10/2020 21:15,90
WBF3B,9/10/2020 21:30,91
WBF3B,9/10/2020 21:45,92
WBF3B,9/10/2020 22:00,93
WBF3B,9/10/2020 22:15,87
WBF3B,9/10/2020 22:30,67
WBF3B,9/10/2020 22:45,62
WBF3B,9/10/2020 23:00,67
WBF3B,9/10/2020 23:15,70
WBF3B,9/10/2020 23:30,76
WBF3B,9/10/2020 23:45,83
WBF3B,9/11/2020 0:00,84
WBF3B,9/11/2020 0:15,83
WBF3B,9/11/2020 0:30,80
WBF3B,9/11/2020 0:45,79
WBF3B,9/11/2020 1:00,77
WBF3B,9/11/2020 1:15,77
WBF3B,9/11/2020 1:30,78
WBF3B,9/11/2020 1:45,75
WBF3B,9/11/2020 2:00,75
WBF3B,9/11/2020 2:15,69
WBF3B,9/11/2020 2:30,66
WBF3B,9/11/2020 2:45,69
WBF3B,9/11/2020 3:00,67
WBF3B,9/11/2020 3:15,66
WBF3B,9/11/2020 3:30,67
WBF3B,9/11/2020 3:45,69
WBF3B,9/11/2020 4:00,80
WBF3B,9/11/2020 4:15,95
WBF3B,9/11/2020 4:30,107
WBF3B,9/11/2020 4:45,108
WBF3B,9/11/2020 5:00,104
WBF3B,9/11/2020 5:15,99
WBF3B,9/11/2020 5:30,97
WBF3B,9/11/2020 5:45,104
WBF3B,9/11/2020 6:00,106
WBF3B,9/11/2020 6:15,106
WBF3B,9/11/2020 6:30,108
WBF3B,9/11/2020 6:45,106
WBF3B,9/11/2020 7:00,105
WBF3B,9/11/2020 7:15,105
WBF3B,9/11/2020 7:30,107
WBF3B,9/11/2020 7:45,103
WBF3B,9/11/2020 8:00,99
WBF3B,9/11/2020 8:15,98
WBF3B,9/11/2020 8:30,100
WBF3B,9/11/2020 8:45,101
WBF3B,9/11/2020 9:00,103
WBF3B,9/11/2020 9:15,106
WBF3B,9/11/2020 9:30,97
WBF3B,9/11/2020 9:45,98
WBF3B,9/11/2020 10:00,99
WBF3B,9/11/2020 10:15,98
WBF3B,9/11/2020 10:30,98
WBF3B,9/11/2020 10:45,98
WBF3B,9/11/2020 11:00,98
WBF3B,9/11/2020 11:15,98
WBF3B,9/11/2020 11:30,98
WBF3B,9/11/2020 11:45,91
WBF3B,9/11/2020 12:00,98
WBF3B,9/11/2020 12:15,100
WBF3B,9/11/2020 12:30,99
WBF3B,9/11/2020 12:45,99
WBF3B,9/11/2020 13:00,98
WBF3B,9/11/2020 13:15,99
WBF3B,9/11/2020 13:30,100
WBF3B,9/11/2020 13:45,99
WBF3B,9/11/2020 14:00,99
WBF3B,9/11/2020 14:15,99
WBF3B,9/11/2020 14:30,101
WBF3B,9/11/2020 14:45,99
WBF3B,9/11/2020 15:00,101
WBF3B,9/11/2020 15:15,100
WBF3B,9/11/2020 15:30,96
WBF3B,9/11/2020 15:45,93
WBF3B,9/11/2020 16:00,76
WBF3B,9/11/2020 16:15,67
WBF3B,9/11/2020 16:30,70
WBF3B,9/11/2020 16:45,72
WBF3B,9/11/2020 17:00,75
WBF3B,9/11/2020 17:15,92
WBF3B,9/11/2020 17:30,100
WBF3B,9/11/2020 17:45,100
WBF3B,9/11/2020 18:00,98
WBF3B,9/11/2020 18:15,97
WBF3B,9/11/2020 18:30,97
WBF3B,9/11/2020 18:45,88
WBF3B,9/11/2020 19:00,78
WBF3B,9/11/2020 19:15,72
WBF3B,9/11/2020 19:30,78
WBF3B,9/11/2020 19:45,82
WBF3B,9/11/2020 20:00,93
WBF3B,9/11/2020 20:15,93
WBF3B,9/11/2020 20:30,90
WBF3B,9/11/2020 20:45,87
WBF3B,9/11/2020 21:00,84
WBF3B,9/11/2020 21:15,84
WBF3B,9/11/2020 21:30,77
WBF3B,9/11/2020 21:45,75
WBF3B,9/11/2020 22:00,71
WBF3B,9/11/2020 22:15,64
WBF3B,9/11/2020 22:30,63
WBF3B,9/11/2020 22:45,62
WBF3B,9/11/2020 23:00,67
WBF3B,9/11/2020 23:15,71
WBF3B,9/11/2020 23:30,84
WBF3B,9/11/2020 23:45,118
WBF3B,9/12/2020 0:00,139
WBF3B,9/12/2020 0:15,139
WBF3B,9/12/2020 0:30,115
WBF3B,9/12/2020 0:45,107
WBF3B,9/12/2020 1:00,100
WBF3B,9/12/2020 1:15,98
WBF3B,9/12/2020 1:30,98
WBF3B,9/12/2020 1:45,100
WBF3B,9/12/2020 2:00,101
WBF3B,9/12/2020 2:15,101
WBF3B,9/12/2020 2:30,100
WBF3B,9/12/2020 2:45,99
WBF3B,9/12/2020 3:00,97
WBF3B,9/12/2020 3:15,97
WBF3B,9/12/2020 3:30,100
WBF3B,9/12/2020 3:45,102
WBF3B,9/12/2020 4:00,101
WBF3B,9/12/2020 4:15,101
WBF3B,9/12/2020 4:30,105
WBF3B,9/12/2020 4:45,105
WBF3B,9/12/2020 5:00,110
WBF3B,9/12/2020 5:15,111
WBF3B,9/12/2020 5:30,111
WBF3B,9/12/2020 5:45,113
WBF3B,9/12/2020 6:00,109
WBF3B,9/12/2020 6:15,108
WBF3B,9/12/2020 6:30,110
WBF3B,9/12/2020 6:45,111
WBF3B,9/12/2020 7:00,113
WBF3B,9/12/2020 7:15,114
WBF3B,9/12/2020 7:30,122
WBF3B,9/12/2020 7:45,120
WBF3B,9/12/2020 8:00,119
WBF3B,9/12/2020 8:15,115
WBF3B,9/12/2020 8:30,116
WBF3B,9/12/2020 8:45,118
WBF3B,9/12/2020 9:00,118
WBF3B,9/12/2020 9:15,120
WBF3B,9/12/2020 9:30,118
WBF3B,9/12/2020 9:45,118
WBF3B,9/12/2020 10:00,114
WBF3B,9/12/2020 10:15,117
WBF3B,9/12/2020 10:30,124
WBF3B,9/12/2020 10:45,123
WBF3B,9/12/2020 11:00,122
WBF3B,9/12/2020 11:15,124
WBF3B,9/12/2020 11:30,125
WBF3B,9/12/2020 11:45,126
WBF3B,9/12/2020 12:00,127
WBF3B,9/12/2020 12:15,128
WBF3B,9/12/2020 12:30,128
WBF3B,9/12/2020 12:45,127
WBF3B,9/12/2020 13:00,128
WBF3B,9/12/2020 13:15,132
WBF3B,9/12/2020 13:30,136
WBF3B,9/12/2020 13:45,140
WBF3B,9/12/2020 14:00,145
WBF3B,9/12/2020 14:15,138
WBF3B,9/12/2020 14:30,131
WBF3B,9/12/2020 14:45,127
WBF3B,9/12/2020 15:00,117
WBF3B,9/12/2020 15:15,114
WBF3B,9/12/2020 15:30,115
WBF3B,9/12/2020 15:45,117
WBF3B,9/12/2020 16:00,118
WBF3B,9/12/2020 16:15,78
WBF3B,9/12/2020 16:30,102
WBF3B,9/12/2020 16:45,105
WBF3B,9/12/2020 17:00,110
WBF3B,9/12/2020 17:15,109
WBF3B,9/12/2020 17:30,107
WBF3B,9/12/2020 17:45,107
WBF3B,9/12/2020 18:00,109
WBF3B,9/12/2020 18:15,96
WBF3B,9/12/2020 18:30,82
WBF3B,9/12/2020 18:45,87
WBF3B,9/12/2020 19:00,89
WBF3B,9/12/2020 19:15,93
WBF3B,9/12/2020 19:30,91
WBF3B,9/12/2020 19:45,90
WBF3B,9/12/2020 20:00,87
WBF3B,9/12/2020 20:15,84
WBF3B,9/12/2020 20:30,79
WBF3B,9/12/2020 20:45,81
WBF3B,9/12/2020 21:00,67
WBF3B,9/12/2020 21:15,74
WBF3B,9/12/2020 21:30,88
WBF3B,9/12/2020 21:45,106
WBF3B,9/12/2020 22:00,112
WBF3B,9/12/2020 22:15,108
WBF3B,9/12/2020 22:30,98
WBF3B,9/12/2020 22:45,94
WBF3B,9/12/2020 23:00,80
WBF3B,9/12/2020 23:15,77
WBF3B,9/12/2020 23:30,80
WBF3B,9/12/2020 23:45,82
WBF3B,9/13/2020 0:00,87
WBF3B,9/13/2020 0:15,99
WBF3B,9/13/2020 0:30,101
WBF3B,9/13/2020 0:45,101
WBF3B,9/13/2020 1:00,100
WBF3B,9/13/2020 1:15,100
WBF3B,9/13/2020 1:30,97
WBF3B,9/13/2020 1:45,95
WBF3B,9/13/2020 2:00,96
WBF3B,9/13/2020 2:15,96
WBF3B,9/13/2020 2:30,92
WBF3B,9/13/2020 2:45,90
WBF3B,9/13/2020 3:00,93
WBF3B,9/13/2020 3:15,92
WBF3B,9/13/2020 3:30,93
WBF3B,9/13/2020 3:45,94
WBF3B,9/13/2020 4:00,95
WBF3B,9/13/2020 4:15,93
WBF3B,9/13/2020 4:30,93
WBF3B,9/13/2020 4:45,94
WBF3B,9/13/2020 5:00,93
WBF3B,9/13/2020 5:15,93
WBF3B,9/13/2020 5:30,92
WBF3B,9/13/2020 5:45,95
WBF3B,9/13/2020 6:00,94
WBF3B,9/13/2020 6:15,96
WBF3B,9/13/2020 6:30,98
WBF3B,9/13/2020 6:45,99
WBF3B,9/13/2020 7:00,100
WBF3B,9/13/2020 7:15,104
WBF3B,9/13/2020 7:30,103
WBF3B,9/13/2020 7:45,101
WBF3B,9/13/2020 8:00,100
WBF3B,9/13/2020 8:15,100
WBF3B,9/13/2020 8:30,100
WBF3B,9/13/2020 8:45,101
WBF3B,9/13/2020 9:00,102
WBF3B,9/13/2020 9:15,102
WBF3B,9/13/2020 9:30,103
WBF3B,9/13/2020 9:45,100
WBF3B,9/13/2020 10:00,98
WBF3B,9/13/2020 10:15,98
WBF3B,9/13/2020 10:30,98
WBF3B,9/13/2020 10:45,101
WBF3B,9/13/2020 11:00,103
WBF3B,9/13/2020 11:15,105
WBF3B,9/13/2020 11:30,107
WBF3B,9/13/2020 11:45,106
WBF3B,9/13/2020 12:00,108
WBF3B,9/13/2020 12:15,107
WBF3B,9/13/2020 12:30,109
WBF3B,9/13/2020 12:45,110
WBF3B,9/13/2020 13:00,112
WBF3B,9/13/2020 13:15,112
WBF3B,9/13/2020 13:30,112
WBF3B,9/13/2020 13:45,111
WBF3B,9/13/2020 14:00,110
WBF3B,9/13/2020 14:15,112
WBF3B,9/13/2020 14:30,111
WBF3B,9/13/2020 14:45,113
WBF3B,9/13/2020 15:00,113
WBF3B,9/13/2020 15:15,113
WBF3B,9/13/2020 15:30,113
WBF3B,9/13/2020 15:45,113
WBF3B,9/13/2020 16:00,111
WBF3B,9/13/2020 16:15,113
WBF3B,9/13/2020 16:30,113
WBF3B,9/13/2020 16:45,114
WBF3B,9/13/2020 17:00,115
WBF3B,9/13/2020 17:15,115
WBF3B,9/13/2020 17:30,117
WBF3B,9/13/2020 17:45,118
WBF3B,9/13/2020 18:00,116
WBF3B,9/13/2020 18:15,115
WBF3B,9/13/2020 18:30,116
WBF3B,9/13/2020 18:45,114
WBF3B,9/13/2020 19:00,112
WBF3B,9/13/2020 19:15,113
WBF3B,9/13/2020 19:30,110
WBF3B,9/13/2020 19:45,108
WBF3B,9/13/2020 20:00,106
WBF3B,9/13/2020 20:15,100
WBF3B,9/13/2020 20:30,94
WBF3B,9/13/2020 20:45,93
WBF3B,9/13/2020 21:00,95
WBF3B,9/13/2020 21:15,94
WBF3B,9/13/2020 21:30,95
WBF3B,9/13/2020 21:45,95
WBF3B,9/13/2020 22:00,96
WBF3B,9/13/2020 22:15,95
WBF3B,9/13/2020 22:30,90
WBF3B,9/13/2020 22:45,90
WBF3B,9/13/2020 23:00,89
WBF3B,9/13/2020 23:15,88
WBF3B,9/13/2020 23:30,86
WBF3B,9/13/2020 23:45,87
WBF3B,9/14/2020 0:00,86
WBF3B,9/14/2020 0:15,85
WBF3B,9/14/2020 0:30,81
WBF3B,9/14/2020 0:45,84
WBF3B,9/14/2020 1:00,83
WBF3B,9/14/2020 1:15,79
WBF3B,9/14/2020 1:30,80
WBF3B,9/14/2020 1:45,78
WBF3B,9/14/2020 2:00,79
WBF3B,9/14/2020 2:15,80
WBF3B,9/14/2020 2:30,80
WBF3B,9/14/2020 2:45,79
WBF3B,9/14/2020 3:00,77
WBF3B,9/14/2020 3:15,76
WBF3B,9/14/2020 3:30,76
WBF3B,9/14/2020 3:45,75
WBF3B,9/14/2020 4:00,75
WBF3B,9/14/2020 4:15,73
WBF3B,9/14/2020 4:30,69
WBF3B,9/14/2020 4:45,68
WBF3B,9/14/2020 5:00,67
WBF3B,9/14/2020 5:15,71
WBF3B,9/14/2020 5:30,72
WBF3B,9/14/2020 5:45,78
WBF3B,9/14/2020 6:00,84
WBF3B,9/14/2020 6:15,89
WBF3B,9/14/2020 6:30,89
WBF3B,9/14/2020 6:45,88
WBF3B,9/14/2020 7:00,85
WBF3B,9/14/2020 7:15,85
WBF3B,9/14/2020 7:30,84
WBF3B,9/14/2020 7:45,84
WBF3B,9/14/2020 8:00,84
WBF3B,9/14/2020 8:15,85
WBF3B,9/14/2020 8:30,88
WBF3B,9/14/2020 8:45,89
WBF3B,9/14/2020 9:00,93
WBF3B,9/14/2020 9:15,94
WBF3B,9/14/2020 9:30,97
WBF3B,9/14/2020 9:45,101
WBF3B,9/14/2020 10:00,107
WBF3B,9/14/2020 10:15,107
WBF3B,9/14/2020 10:30,110
WBF3B,9/14/2020 10:45,115
WBF3B,9/14/2020 11:00,113
WBF3B,9/14/2020 11:15,115
WBF3B,9/14/2020 11:30,118
WBF3B,9/14/2020 11:45,119
WBF3B,9/14/2020 12:00,120
WBF3B,9/14/2020 12:15,125
WBF3B,9/14/2020 12:30,128
WBF3B,9/14/2020 12:45,131
WBF3B,9/14/2020 13:00,128
WBF3B,9/14/2020 13:15,128
WBF3B,9/14/2020 13:30,131
WBF3B,9/14/2020 13:45,130
WBF3B,9/14/2020 14:00,127
WBF3B,9/14/2020 14:15,95
WBF3B,9/14/2020 14:30,80
WBF3B,9/14/2020 14:45,88
WBF3B,9/14/2020 15:00,97
WBF3B,9/14/2020 15:15,108
WBF3B,9/14/2020 15:30,118
WBF3B,9/14/2020 15:45,117
WBF3B,9/14/2020 16:00,117
WBF3B,9/14/2020 16:15,115
WBF3B,9/14/2020 16:30,115
WBF3B,9/14/2020 16:45,110
WBF3B,9/14/2020 17:00,109
WBF3B,9/14/2020 17:15,106
WBF3B,9/14/2020 17:30,106
WBF3B,9/14/2020 17:45,103
WBF3B,9/14/2020 18:00,101
WBF3B,9/14/2020 18:15,99
WBF3B,9/14/2020 18:30,101
WBF3B,9/14/2020 18:45,93
WBF3B,9/14/2020 19:00,79
WBF3B,9/14/2020 19:15,81
WBF3B,9/14/2020 19:30,84
WBF3B,9/14/2020 19:45,85
WBF3B,9/14/2020 20:00,80
WBF3B,9/14/2020 20:15,111
WBF3B,9/14/2020 20:30,112
WBF3B,9/14/2020 20:45,91
WBF3B,9/14/2020 21:00,84
WBF3B,9/14/2020 21:15,81
WBF3B,9/14/2020 21:30,81
WBF3B,9/14/2020 21:45,82
WBF3B,9/14/2020 22:00,83
WBF3B,9/14/2020 22:15,79
WBF3B,9/14/2020 22:30,82
WBF3B,9/14/2020 22:45,76
WBF3B,9/14/2020 23:00,74
WBF3B,9/14/2020 23:15,71
WBF3B,9/14/2020 23:30,69
WBF3B,9/14/2020 23:45,69
WBF3B,9/15/2020 0:00,69
WBF3B,9/15/2020 0:15,66
WBF3B,9/15/2020 0:30,68
WBF3B,9/15/2020 0:45,67
WBF3B,9/15/2020 1:00,68
WBF3B,9/15/2020 1:15,67
WBF3B,9/15/2020 1:30,64
WBF3B,9/15/2020 1:45,65
WBF3B,9/15/2020 2:00,66
WBF3B,9/15/2020 2:15,66
WBF3B,9/15/2020 2:30,61
WBF3B,9/15/2020 2:45,61
WBF3B,9/15/2020 3:00,60
WBF3B,9/15/2020 3:15,59
WBF3B,9/15/2020 3:30,63
WBF3B,9/15/2020 3:45,79
WBF3B,9/15/2020 4:00,104
WBF3B,9/15/2020 4:15,107
WBF3B,9/15/2020 4:30,103
WBF3B,9/15/2020 4:45,85
WBF3B,9/15/2020 5:00,79
WBF3B,9/15/2020 5:15,67
WBF3B,9/15/2020 5:30,65
WBF3B,9/15/2020 5:45,67
WBF3B,9/15/2020 6:00,69
WBF3B,9/15/2020 6:15,73
WBF3B,9/15/2020 6:30,83
WBF3B,9/15/2020 6:45,89
WBF3B,9/15/2020 7:00,87
WBF3B,9/15/2020 7:15,84
WBF3B,9/15/2020 7:30,82
WBF3B,9/15/2020 7:45,80
WBF3B,9/15/2020 8:00,76
WBF3B,9/15/2020 8:15,64
WBF3B,9/15/2020 8:30,56
WBF3B,9/15/2020 8:45,52
WBF3B,9/15/2020 9:00,50
WBF3B,9/15/2020 9:15,50
WBF3B,9/15/2020 9:30,50
WBF3B,9/15/2020 9:45,50
WBF3B,9/15/2020 10:00,50
WBF3B,9/15/2020 10:15,60
WBF3B,9/15/2020 10:30,78
WBF3B,9/15/2020 10:45,93
WBF3B,9/15/2020 11:00,99
WBF3B,9/15/2020 11:15,96
WBF3B,9/15/2020 11:30,86
WBF3B,9/15/2020 11:45,73
WBF3B,9/15/2020 12:00,66
WBF3B,9/15/2020 12:15,65
WBF3B,9/15/2020 12:30,69
WBF3B,9/15/2020 12:45,75
WBF3B,9/15/2020 13:00,78
WBF3B,9/15/2020 13:15,77
WBF3B,9/15/2020 13:30,80
WBF3B,9/15/2020 13:45,86
WBF3B,9/15/2020 14:00,88
WBF3B,9/15/2020 14:15,89
WBF3B,9/15/2020 14:30,92
WBF3B,9/15/2020 14:45,91
WBF3B,9/15/2020 15:00,90
WBF3B,9/15/2020 15:15,95
WBF3B,9/15/2020 15:30,106
WBF3B,9/15/2020 15:45,109
WBF3B,9/15/2020 16:00,105
WBF3B,9/15/2020 16:15,103
WBF3B,9/15/2020 16:30,87
WBF3B,9/15/2020 16:45,83
WBF3B,9/15/2020 17:00,80
WBF3B,9/15/2020 17:15,80
WBF3B,9/15/2020 17:30,83
WBF3B,9/15/2020 17:45,82
WBF3B,9/15/2020 18:00,85
WBF3B,9/15/2020 18:15,86
WBF3B,9/15/2020 18:30,85
WBF3B,9/15/2020 18:45,86
WBF3B,9/15/2020 19:00,86
WBF3B,9/15/2020 19:15,84
WBF3B,9/15/2020 19:30,84
WBF3B,9/15/2020 19:45,82
WBF3B,9/15/2020 20:00,82
WBF3B,9/15/2020 20:15,82
WBF3B,9/15/2020 20:30,78
WBF3B,9/15/2020 20:45,79
WBF3B,9/15/2020 21:00,72
WBF3B,9/15/2020 21:15,69
WBF3B,9/15/2020 21:30,68
WBF3B,9/15/2020 21:45,70
WBF3B,9/15/2020 22:00,70
WBF3B,9/15/2020 22:15,70
WBF3B,9/15/2020 22:30,66
WBF3B,9/15/2020 22:45,65
WBF3B,9/15/2020 23:00,63
WBF3B,9/15/2020 23:15,61
WBF3B,9/15/2020 23:30,61
WBF3B,9/15/2020 23:45,57
WBF3B,9/16/2020 0:00,55
WBF3B,9/16/2020 0:15,55
WBF3B,9/16/2020 0:30,55
WBF3B,9/16/2020 0:45,55
WBF3B,9/16/2020 1:00,56
WBF3B,9/16/2020 1:15,55
WBF3B,9/16/2020 1:30,54
WBF3B,9/16/2020 1:45,55
WBF3B,9/16/2020 2:00,54
WBF3B,9/16/2020 2:15,54
WBF3B,9/16/2020 2:30,53
WBF3B,9/16/2020 2:45,54
WBF3B,9/16/2020 3:00,52
WBF3B,9/16/2020 3:15,49
WBF3B,9/16/2020 3:30,49
WBF3B,9/16/2020 3:45,47
WBF3B,9/16/2020 4:00,48
WBF3B,9/16/2020 4:15,51
WBF3B,9/16/2020 4:30,56
WBF3B,9/16/2020 4:45,70
WBF3B,9/16/2020 5:00,86
WBF3B,9/16/2020 5:15,98
WBF3B,9/16/2020 5:30,93
WBF3B,9/16/2020 5:45,86
WBF3B,9/16/2020 6:00,77
WBF3B,9/16/2020 6:15,74
WBF3B,9/16/2020 6:30,70
WBF3B,9/16/2020 6:45,70
WBF3B,9/16/2020 7:00,69
WBF3B,9/16/2020 7:15,68
WBF3B,9/16/2020 7:30,63
WBF3B,9/16/2020 7:45,61
WBF3B,9/16/2020 8:00,53
WBF3B,9/16/2020 8:15,48
WBF3B,9/16/2020 8:30,48
WBF3B,9/16/2020 8:45,50
WBF3B,9/16/2020 9:00,52
WBF3B,9/16/2020 9:15,53
WBF3B,9/16/2020 9:30,64
WBF3B,9/16/2020 9:45,78
WBF3B,9/16/2020 10:00,84
WBF3B,9/16/2020 10:15,97
WBF3B,9/16/2020 10:30,98
WBF3B,9/16/2020 10:45,103
WBF3B,9/16/2020 11:00,101
WBF3B,9/16/2020 11:15,101
WBF3B,9/16/2020 11:30,102
WBF3B,9/16/2020 11:45,105
WBF3B,9/16/2020 12:00,108
WBF3B,9/16/2020 12:15,106
WBF3B,9/16/2020 12:30,104
WBF3B,9/16/2020 12:45,108
WBF3B,9/16/2020 13:00,106
WBF3B,9/16/2020 13:15,110
WBF3B,9/16/2020 13:30,109
WBF3B,9/16/2020 13:45,114
WBF3B,9/16/2020 14:00,113
WBF3B,9/16/2020 14:15,115
WBF3B,9/16/2020 14:30,101
WBF3B,9/16/2020 14:45,122
WBF3B,9/16/2020 15:00,127
WBF3B,9/16/2020 15:15,131
WBF3B,9/16/2020 15:30,125
WBF3B,9/16/2020 15:45,119
WBF3B,9/16/2020 16:00,125
WBF3B,9/16/2020 16:15,125
WBF3B,9/16/2020 16:30,123
WBF3B,9/16/2020 16:45,123
WBF3B,9/16/2020 17:00,119
WBF3B,9/16/2020 17:15,109
WBF3B,9/16/2020 17:30,95
WBF3B,9/16/2020 17:45,89
WBF3B,9/16/2020 18:00,91
WBF3B,9/16/2020 18:15,92
WBF3B,9/16/2020 18:30,88
WBF3B,9/16/2020 18:45,82
WBF3B,9/16/2020 19:00,83
WBF3B,9/16/2020 19:15,83
WBF3B,9/16/2020 19:30,81
WBF3B,9/16/2020 19:45,83
WBF3B,9/16/2020 20:00,84
WBF3B,9/16/2020 20:15,83
WBF3B,9/16/2020 20:30,82
WBF3B,9/16/2020 20:45,82
WBF3B,9/16/2020 21:00,82
WBF3B,9/16/2020 21:15,82
WBF3B,9/16/2020 21:30,84
WBF3B,9/16/2020 21:45,84
WBF3B,9/16/2020 22:00,85
WBF3B,9/16/2020 22:15,82
WBF3B,9/16/2020 22:30,81
WBF3B,9/16/2020 22:45,81
WBF3B,9/16/2020 23:00,80
WBF3B,9/16/2020 23:15,81
WBF3B,9/16/2020 23:30,81
WBF3B,9/16/2020 23:45,83
WBF3B,9/17/2020 0:00,84
WBF3B,9/17/2020 0:15,82
WBF3B,9/17/2020 0:30,81
WBF3B,9/17/2020 0:45,79
WBF3B,9/17/2020 1:00,80
WBF3B,9/17/2020 1:15,78
WBF3B,9/17/2020 1:30,79
WBF3B,9/17/2020 1:45,78
WBF3B,9/17/2020 2:00,78
WBF3B,9/17/2020 2:15,78
WBF3B,9/17/2020 2:30,77
WBF3B,9/17/2020 2:45,77
WBF3B,9/17/2020 3:00,78
WBF3B,9/17/2020 3:15,78
WBF3B,9/17/2020 3:30,76
WBF3B,9/17/2020 3:45,79
WBF3B,9/17/2020 4:00,78
WBF3B,9/17/2020 4:15,77
WBF3B,9/17/2020 4:30,78
WBF3B,9/17/2020 4:45,78
WBF3B,9/17/2020 5:00,77
WBF3B,9/17/2020 5:15,76
WBF3B,9/17/2020 5:30,77
WBF3B,9/17/2020 5:45,80
WBF3B,9/17/2020 6:00,79
WBF3B,9/17/2020 6:15,82
WBF3B,9/17/2020 6:30,82
WBF3B,9/17/2020 6:45,82
WBF3B,9/17/2020 7:00,83
WBF3B,9/17/2020 7:15,82
WBF3B,9/17/2020 7:30,81
WBF3B,9/17/2020 7:45,83
WBF3B,9/17/2020 8:00,85
WBF3B,9/17/2020 8:15,85
WBF3B,9/17/2020 8:30,89
WBF3B,9/17/2020 8:45,88
WBF3B,9/17/2020 9:00,88
WBF3B,9/17/2020 9:15,88
WBF3B,9/17/2020 9:30,88
WBF3B,9/17/2020 9:45,92
WBF3B,9/17/2020 10:00,92
WBF3B,9/17/2020 10:15,92
WBF3B,9/17/2020 10:30,91
WBF3B,9/17/2020 10:45,95
WBF3B,9/17/2020 11:00,95
WBF3B,9/17/2020 11:15,91
WBF3B,9/17/2020 11:30,93
WBF3B,9/17/2020 11:45,80
WBF3B,9/17/2020 12:00,72
WBF3B,9/17/2020 12:15,78
WBF3B,9/17/2020 12:30,79
WBF3B,9/17/2020 12:45,83
WBF3B,9/17/2020 13:00,82
WBF3B,9/17/2020 13:15,78
WBF3B,9/17/2020 13:30,79
WBF3B,9/17/2020 13:45,79
WBF3B,9/17/2020 14:00,80
WBF3B,9/17/2020 14:15,75
WBF3B,9/17/2020 14:30,77
WBF3B,9/17/2020 14:45,78
WBF3B,9/17/2020 15:00,78
WBF3B,9/17/2020 15:15,74
WBF3B,9/17/2020 15:30,83
WBF3B,9/17/2020 15:45,76
WBF3B,9/17/2020 16:00,77
WBF3B,9/17/2020 16:15,79
WBF3B,9/17/2020 16:30,80
WBF3B,9/17/2020 16:45,78
WBF3B,9/17/2020 17:00,81
WBF3B,9/17/2020 17:15,82
WBF3B,9/17/2020 17:30,83
WBF3B,9/17/2020 17:45,88
WBF3B,9/17/2020 18:00,91
WBF3B,9/17/2020 18:15,93
WBF3B,9/17/2020 18:30,95
WBF3B,9/17/2020 18:45,93
WBF3B,9/17/2020 19:00,95
WBF3B,9/17/2020 19:15,95
WBF3B,9/17/2020 19:30,95
WBF3B,9/17/2020 19:45,94
WBF3B,9/17/2020 20:00,92
WBF3B,9/17/2020 20:15,91
WBF3B,9/17/2020 20:30,91
WBF3B,9/17/2020 20:45,91
WBF3B,9/17/2020 21:00,89
WBF3B,9/17/2020 21:15,90
WBF3B,9/17/2020 21:30,87
WBF3B,9/17/2020 21:45,88
WBF3B,9/17/2020 22:00,87
WBF3B,9/17/2020 22:15,85
WBF3B,9/17/2020 22:30,85
WBF3B,9/17/2020 22:45,85
WBF3B,9/17/2020 23:00,86
WBF3B,9/17/2020 23:15,84
WBF3B,9/17/2020 23:30,84
WBF3B,9/17/2020 23:45,86
WBF3B,9/18/2020 0:00,85
