Timestamp,WAF1A,WAF7A,WBF10A,WBF3B
8/28/2020 9:30,,,,40
8/28/2020 9:45,,,,42
8/28/2020 10:00,,,,44
8/28/2020 10:15,,,,44
8/28/2020 10:30,,,,44
8/28/2020 10:45,,,,46
8/28/2020 11:00,,,,45
8/28/2020 11:15,,,,44
8/28/2020 11:30,,,,46
8/28/2020 11:45,,,,45
8/28/2020 12:00,,,,43
8/28/2020 12:15,,,,43
8/28/2020 12:30,,,,43
8/28/2020 12:45,,,,44
8/28/2020 13:00,,,,45
8/28/2020 13:15,,,,45
8/28/2020 13:30,,,,46
8/28/2020 13:45,,,,45
8/28/2020 14:00,,,,48
8/28/2020 14:15,,,,59
8/28/2020 14:30,,,,89
8/28/2020 14:45,,,,98
8/28/2020 15:00,,,,100
8/28/2020 15:15,,,,101
8/28/2020 15:30,,,,100
8/28/2020 15:45,,,,90
8/28/2020 16:00,,,,66
8/28/2020 16:15,,,,66
8/28/2020 16:30,,,,66
8/28/2020 16:45,,,,65
8/28/2020 17:00,,,,65
8/28/2020 17:15,,,,66
8/28/2020 17:30,,,,77
8/28/2020 17:45,,,,67
8/28/2020 18:00,,,,74
8/28/2020 18:15,,,,75
8/28/2020 18:30,,,,77
8/28/2020 18:45,,,,96
8/28/2020 19:00,,,,124
8/28/2020 19:15,,,,123
8/28/2020 19:30,,,,124
8/28/2020 19:45,,,,123
8/28/2020 20:00,,,,113
8/28/2020 20:15,,,,111
8/28/2020 20:30,,,,106
8/28/2020 20:45,,,,102
8/28/2020 21:00,,,,103
8/28/2020 21:15,,,,105
8/28/2020 21:30,,,,107
8/28/2020 21:45,,,,100
8/28/2020 22:00,,,,99
8/28/2020 22:15,,,,95
8/28/2020 22:30,,,,92
8/28/2020 22:45,,,,92
8/28/2020 23:00,,,,93
8/28/2020 23:15,,,,99
8/28/2020 23:30,,,,99
8/28/2020 23:45,,,,98
8/29/2020 0:00,,,,103
8/29/2020 0:15,,,,101
8/29/2020 0:30,,,,99
8/29/2020 0:45,,,,98
8/29/2020 1:00,,,,96
8/29/2020 1:15,,,,96
8/29/2020 1:30,,,,95
8/29/2020 1:45,,,,94
8/29/2020 2:00,,,,94
8/29/2020 2:15,,,,95
8/29/2020 2:30,,,,94
8/29/2020 2:45,,,,94
8/29/2020 3:00,,,,94
8/29/2020 3:15,,,,94
8/29/2020 3:30,,,,94
8/29/2020 3:45,,,,95
8/29/2020 4:00,,,,95
8/29/2020 4:15,,,,91
8/29/2020 4:30,,,,92
8/29/2020 4:45,,,,94
8/29/2020 5:00,,,,94
8/29/2020 5:15,,,,92
8/29/2020 5:30,,,,92
8/29/2020 5:45,,,,95
8/29/2020 6:00,,,,97
8/29/2020 6:15,,,,96
8/29/2020 6:30,,,,98
8/29/2020 6:45,,,,98
8/29/2020 7:00,,,,95
8/29/2020 7:15,,,,96
8/29/2020 7:30,,,,101
8/29/2020 7:45,,,,97
8/29/2020 8:00,,,,95
8/29/2020 8:15,,,,98
8/29/2020 8:30,,,,98
8/29/2020 8:45,,,,98
8/29/2020 9:00,,,,100
8/29/2020 9:15,,,,100
8/29/2020 9:30,,,,102
8/29/2020 9:45,,,,103
8/29/2020 10:00,,,,104
8/29/2020 10:15,,,,103
8/29/2020 10:30,,,,105
8/29/2020 10:45,,,,105
8/29/2020 11:00,,,,105
8/29/2020 11:15,,,,105
8/29/2020 11:30,,,,106
8/29/2020 11:45,,,,106
8/29/2020 12:00,,,,106
8/29/2020 12:15,,,,105
8/29/2020 12:30,,,,105
8/29/2020 12:45,,,,104
8/29/2020 13:00,,,,105
8/29/2020 13:15,,,,102
8/29/2020 13:30,,,,102
8/29/2020 13:45,,,,104
8/29/2020 14:00,,,,102
8/29/2020 14:15,,,,102
8/29/2020 14:30,,,,101
8/29/2020 14:45,,,,105
8/29/2020 15:00,,,,103
8/29/2020 15:15,,,,107
8/29/2020 15:30,,,,104
8/29/2020 15:45,,,,106
8/29/2020 16:00,,,,104
8/29/2020 16:15,,,,105
8/29/2020 16:30,,,,104
8/29/2020 16:45,,,,103
8/29/2020 17:00,,,,104
8/29/2020 17:15,,,,102
8/29/2020 17:30,,,,102
8/29/2020 17:45,,,,100
8/29/2020 18:00,,,,101
8/29/2020 18:15,,,,97
8/29/2020 18:30,,,,97
8/29/2020 18:45,,,,97
8/29/2020 19:00,,,,99
8/29/2020 19:15,,,,102
8/29/2020 19:30,,,,102
8/29/2020 19:45,,,,102
8/29/2020 20:00,,,,102
8/29/2020 20:15,,,,102
8/29/2020 20:30,,,,99
8/29/2020 20:45,,,,100
8/29/2020 21:00,,,,97
8/29/2020 21:15,,,,98
8/29/2020 21:30,,,,94
8/29/2020 21:45,,,,95
8/29/2020 22:00,,,,96
8/29/2020 22:15,,,,92
8/29/2020 22:30,,,,90
8/29/2020 22:45,,,,90
8/29/2020 23:00,,,,91
8/29/2020 23:15,,,,91
8/29/2020 23:30,,,,91
8/29/2020 23:45,,,,93
8/30/2020 0:00,,,,90
8/30/2020 0:15,,,,91
8/30/2020 0:30,,,,91
8/30/2020 0:45,,,,91
8/30/2020 1:00,,,,88
8/30/2020 1:15,,,,89
8/30/2020 1:30,,,,90
8/30/2020 1:45,,,,89
8/30/2020 2:00,,,,87
8/30/2020 2:15,,,,91
8/30/2020 2:30,,,,91
8/30/2020 2:45,,,,92
8/30/2020 3:00,,,,91
8/30/2020 3:15,,,,89
8/30/2020 3:30,,,,88
8/30/2020 3:45,,,,88
8/30/2020 4:00,,,,91
8/30/2020 4:15,,,,91
8/30/2020 4:30,,,,89
8/30/2020 4:45,,,,92
8/30/2020 5:00,,,,92
8/30/2020 5:15,,,,87
8/30/2020 5:30,,,,88
8/30/2020 5:45,,,,89
8/30/2020 6:00,,,,89
8/30/2020 6:15,,,,90
8/30/2020 6:30,,,,91
8/30/2020 6:45,,,,92
8/30/2020 7:00,,,,92
8/30/2020 7:15,,,,88
8/30/2020 7:30,,,,91
8/30/2020 7:45,,,,88
8/30/2020 8:00,,,,88
8/30/2020 8:15,,,,90
8/30/2020 8:30,,,,91
8/30/2020 8:45,,,,94
8/30/2020 9:00,,,,95
8/30/2020 9:15,,,,95
8/30/2020 9:30,,,,97
8/30/2020 9:45,,,,98
8/30/2020 10:00,,,,97
8/30/2020 10:15,,,,97
8/30/2020 10:30,,,,98
8/30/2020 10:45,,,,101
8/30/2020 11:00,,,,101
8/30/2020 11:15,,,,102
8/30/2020 11:30,,,,101
8/30/2020 11:45,,,,104
8/30/2020 12:00,,,,104
8/30/2020 12:15,,,,104
8/30/2020 12:30,,,,102
8/30/2020 12:45,,,,101
8/30/2020 13:00,,,,98
8/30/2020 13:15,,,,97
8/30/2020 13:30,,,,97
8/30/2020 13:45,,,,101
8/30/2020 14:00,,,,99
8/30/2020 14:15,,,,102
8/30/2020 14:30,,,,105
8/30/2020 14:45,,,,107
8/30/2020 15:00,,,,108
8/30/2020 15:15,,,,109
8/30/2020 15:30,,,,105
8/30/2020 15:45,,,,102
8/30/2020 16:00,,,,102
8/30/2020 16:15,,,,103
8/30/2020 16:30,,,,105
8/30/2020 16:45,,,,105
8/30/2020 17:00,,,,105
8/30/2020 17:15,,,,107
8/30/2020 17:30,,,,105
8/30/2020 17:45,,,,104
8/30/2020 18:00,,,,102
8/30/2020 18:15,,,,104
8/30/2020 18:30,,,,101
8/30/2020 18:45,,,,99
8/30/2020 19:00,,,,95
8/30/2020 19:15,,,,98
8/30/2020 19:30,,,,94
8/30/2020 19:45,,,,95
8/30/2020 20:00,,,,99
8/30/2020 20:15,,,,97
8/30/2020 20:30,,,,97
8/30/2020 20:45,,,,94
8/30/2020 21:00,,,,98
8/30/2020 21:15,,,,97
8/30/2020 21:30,,,,95
8/30/2020 21:45,,,,101
8/30/2020 22:00,,,,99
8/30/2020 22:15,,,,97
8/30/2020 22:30,,,,95
8/30/2020 22:45,,,,93
8/30/2020 23:00,,,,93
8/30/2020 23:15,,,,91
8/30/2020 23:30,,,,87
8/30/2020 23:45,,,,83
8/31/2020 0:00,,,,71
8/31/2020 0:15,,,,52
8/31/2020 0:30,,,,42
8/31/2020 0:45,,,,51
8/31/2020 1:00,,,,58
8/31/2020 1:15,,,,78
8/31/2020 1:30,,,,98
8/31/2020 1:45,,,,102
8/31/2020 2:00,,,,93
8/31/2020 2:15,,,,89
8/31/2020 2:30,,,,88
8/31/2020 2:45,,,,88
8/31/2020 3:00,,,,87
8/31/2020 3:15,,,,87
8/31/2020 3:30,,,,88
8/31/2020 3:45,,,,85
8/31/2020 4:00,,,,85
8/31/2020 4:15,,,,83
8/31/2020 4:30,,,,84
8/31/2020 4:45,,,,83
8/31/2020 5:00,,,,85
8/31/2020 5:15,,,,85
8/31/2020 5:30,,,,84
8/31/2020 5:45,,,,90
8/31/2020 6:00,,,,92
8/31/2020 6:15,,,,88
8/31/2020 6:30,,,,87
8/31/2020 6:45,,,,88
8/31/2020 7:00,,,,87
8/31/2020 7:15,,,,87
8/31/2020 7:30,,,,91
8/31/2020 7:45,,,,89
8/31/2020 8:00,,,,90
8/31/2020 8:15,,,,93
8/31/2020 8:30,,,,92
8/31/2020 8:45,,,,94
8/31/2020 9:00,,,,93
8/31/2020 9:15,,,,95
8/31/2020 9:30,,,,97
8/31/2020 9:45,,,,93
8/31/2020 10:00,,,,94
8/31/2020 10:15,,,,98
8/31/2020 10:30,,,,94
8/31/2020 10:45,,,,96
8/31/2020 11:00,,,,97
8/31/2020 11:15,,,,97
8/31/2020 11:30,,,,98
8/31/2020 11:45,,,,99
8/31/2020 12:00,,,,102
8/31/2020 12:15,,,,101
8/31/2020 12:30,,,,102
8/31/2020 12:45,,,,100
8/31/2020 13:00,,,,100
8/31/2020 13:15,,,,95
8/31/2020 13:30,,,,99
8/31/2020 13:45,,,,100
8/31/2020 14:00,,,,100
8/31/2020 14:15,,,,101
8/31/2020 14:30,,,,102
8/31/2020 14:45,,,,103
8/31/2020 15:00,,,,104
8/31/2020 15:15,,,,102
8/31/2020 15:30,,,,103
8/31/2020 15:45,,,,102
8/31/2020 16:00,,,,104
8/31/2020 16:15,,,,99
8/31/2020 16:30,,,,100
8/31/2020 16:45,,,,99
8/31/2020 17:00,,,,102
8/31/2020 17:15,,,,102
8/31/2020 17:30,,,,103
8/31/2020 17:45,,,,101
8/31/2020 18:00,,,,103
8/31/2020 18:15,,,,102
8/31/2020 18:30,,,,102
8/31/2020 18:45,,,,102
8/31/2020 19:00,,,,101
8/31/2020 19:15,,,,102
8/31/2020 19:30,,,,99
8/31/2020 19:45,,,,103
8/31/2020 20:00,,,,100
8/31/2020 20:15,,,,102
8/31/2020 20:30,,,,101
8/31/2020 20:45,,,,100
8/31/2020 21:00,,,,103
8/31/2020 21:15,,,,100
8/31/2020 21:30,,,,99
8/31/2020 21:45,,,,99
8/31/2020 22:00,,,,103
8/31/2020 22:15,,,,101
8/31/2020 22:30,,,,99
8/31/2020 22:45,,,,96
8/31/2020 23:00,,,,97
8/31/2020 23:15,,,,99
8/31/2020 23:30,,,,97
8/31/2020 23:45,,,,96
9/1/2020 0:00,,,,99
9/1/2020 0:15,,,,99
9/1/2020 0:30,,,,100
9/1/2020 0:45,,,,98
9/1/2020 1:00,,,,95
9/1/2020 1:15,,,,97
9/1/2020 1:30,,,,96
9/1/2020 1:45,,,,95
9/1/2020 2:00,,,,97
9/1/2020 2:15,,,,95
9/1/2020 2:30,,,,93
9/1/2020 2:45,,,,94
9/1/2020 3:00,,,,94
9/1/2020 3:15,,,,94
9/1/2020 3:30,,,,93
9/1/2020 3:45,,,,92
9/1/2020 4:00,,,,94
9/1/2020 4:15,,,,91
9/1/2020 4:30,,,,90
9/1/2020 4:45,,,,92
9/1/2020 5:00,,,,91
9/1/2020 5:15,,,,91
9/1/2020 5:30,,,,92
9/1/2020 5:45,,,,99
9/1/2020 6:00,,,,96
9/1/2020 6:15,,,,100
9/1/2020 6:30,,,,99
9/1/2020 6:45,,,,97
9/1/2020 7:00,,,,97
9/1/2020 7:15,,,,95
9/1/2020 7:30,,,,99
9/1/2020 7:45,,,,99
9/1/2020 8:00,,,,97
9/1/2020 8:15,,,,98
9/1/2020 8:30,,,,102
9/1/2020 8:45,,,,93
9/1/2020 9:00,,,,93
9/1/2020 9:15,,,,99
9/1/2020 9:30,,,,103
9/1/2020 9:45,,,,100
9/1/2020 10:00,,,,103
9/1/2020 10:15,,,,104
9/1/2020 10:30,,,,102
9/1/2020 10:45,,,,103
9/1/2020 11:00,,,,103
9/1/2020 11:15,,,,105
9/1/2020 11:30,,,,108
9/1/2020 11:45,,,,108
9/1/2020 12:00,,,,110
9/1/2020 12:15,,,,110
9/1/2020 12:30,,,,115
9/1/2020 12:45,,,,116
9/1/2020 13:00,,,,112
9/1/2020 13:15,,,,117
9/1/2020 13:30,,,,114
9/1/2020 13:45,,,,115
9/1/2020 14:00,,,,115
9/1/2020 14:15,,,,115
9/1/2020 14:30,,,,118
9/1/2020 14:45,,,,121
9/1/2020 15:00,,,,123
9/1/2020 15:15,,,,124
9/1/2020 15:30,,,,125
9/1/2020 15:45,,,,125
9/1/2020 16:00,,,,125
9/1/2020 16:15,,,,124
9/1/2020 16:30,,,,122
9/1/2020 16:45,,,,124
9/1/2020 17:00,,,,123
9/1/2020 17:15,,,,119
9/1/2020 17:30,,,,124
9/1/2020 17:45,,,,116
9/1/2020 18:00,,,,120
9/1/2020 18:15,,,,119
9/1/2020 18:30,,,,121
9/1/2020 18:45,,,,122
9/1/2020 19:00,,,,117
9/1/2020 19:15,,,,121
9/1/2020 19:30,,,,123
9/1/2020 19:45,,,,121
9/1/2020 20:00,,,,121
9/1/2020 20:15,,,,119
9/1/2020 20:30,,,,119
9/1/2020 20:45,,,,120
9/1/2020 21:00,,,,118
9/1/2020 21:15,,,,119
9/1/2020 21:30,,,,120
9/1/2020 21:45,,,,118
9/1/2020 22:00,,,,120
9/1/2020 22:15,,,,118
9/1/2020 22:30,,,,116
9/1/2020 22:45,,,,116
9/1/2020 23:00,,,,117
9/1/2020 23:15,,,,121
9/1/2020 23:30,,,,119
9/1/2020 23:45,,,,119
9/2/2020 0:00,,,,116
9/2/2020 0:15,,,,114
9/2/2020 0:30,,,,112
9/2/2020 0:45,,,,110
9/2/2020 1:00,,,,116
9/2/2020 1:15,,,,110
9/2/2020 1:30,,,,117
9/2/2020 1:45,,,,106
9/2/2020 2:00,,,,112
9/2/2020 2:15,,,,111
9/2/2020 2:30,,,,108
9/2/2020 2:45,,,,108
9/2/2020 3:00,,,,106
9/2/2020 3:15,,,,106
9/2/2020 3:30,,,,111
9/2/2020 3:45,,,,112
9/2/2020 4:00,,,,109
9/2/2020 4:15,,,,106
9/2/2020 4:30,,,,107
9/2/2020 4:45,,,,106
9/2/2020 5:00,,,,106
9/2/2020 5:15,,,,109
9/2/2020 5:30,,,,113
9/2/2020 5:45,,,,115
9/2/2020 6:00,,,,113
9/2/2020 6:15,,,,112
9/2/2020 6:30,,,,113
9/2/2020 6:45,,,,113
9/2/2020 7:00,,,,110
9/2/2020 7:15,,,,110
9/2/2020 7:30,,,,112
9/2/2020 7:45,,,,111
9/2/2020 8:00,,,,113
9/2/2020 8:15,,,,111
9/2/2020 8:30,,,,115
9/2/2020 8:45,,,,114
9/2/2020 9:00,,,,115
9/2/2020 9:15,,,,116
9/2/2020 9:30,,,,117
9/2/2020 9:45,,,,114
9/2/2020 10:00,,,,119
9/2/2020 10:15,,,,113
9/2/2020 10:30,,,,119
9/2/2020 10:45,,,,115
9/2/2020 11:00,,,,120
9/2/2020 11:15,,,,116
9/2/2020 11:30,,,,111
9/2/2020 11:45,,,,113
9/2/2020 12:00,,,,113
9/2/2020 12:15,,,,113
9/2/2020 12:30,,,,118
9/2/2020 12:45,,,,113
9/2/2020 13:00,,,,120
9/2/2020 13:15,,,,116
9/2/2020 13:30,,,,120
9/2/2020 13:45,,,,114
9/2/2020 14:00,,,,123
9/2/2020 14:15,,,,116
9/2/2020 14:30,,,,121
9/2/2020 14:45,,,,120
9/2/2020 15:00,,,,121
9/2/2020 15:15,,,,122
9/2/2020 15:30,,,,125
9/2/2020 15:45,,,,125
9/2/2020 16:00,,,,124
9/2/2020 16:15,,,,125
9/2/2020 16:30,,,,123
9/2/2020 16:45,,,,125
9/2/2020 17:00,,,,124
9/2/2020 17:15,,,,125
9/2/2020 17:30,,,,123
9/2/2020 17:45,,,,123
9/2/2020 18:00,,,,122
9/2/2020 18:15,,,,122
9/2/2020 18:30,,,,122
9/2/2020 18:45,,,,120
9/2/2020 19:00,,,,118
9/2/2020 19:15,,,,116
9/2/2020 19:30,,,,114
9/2/2020 19:45,,,,112
9/2/2020 20:00,,,,112
9/2/2020 20:15,,,,110
9/2/2020 20:30,,,,111
9/2/2020 20:45,,,,109
9/2/2020 21:00,,,,104
9/2/2020 21:15,,,,108
9/2/2020 21:30,,,,109
9/2/2020 21:45,,,,104
9/2/2020 22:00,,,,108
9/2/2020 22:15,,,,106
9/2/2020 22:30,,,,105
9/2/2020 22:45,,,,102
9/2/2020 23:00,,,,106
9/2/2020 23:15,,,,106
9/2/2020 23:30,,,,107
9/2/2020 23:45,,,,106
9/3/2020 0:00,,,,104
9/3/2020 0:15,,,,102
9/3/2020 0:30,,,,102
9/3/2020 0:45,,,,101
9/3/2020 1:00,,,,98
9/3/2020 1:15,,,,98
9/3/2020 1:30,,,,97
9/3/2020 1:45,,,,96
9/3/2020 2:00,,,,96
9/3/2020 2:15,,,,96
9/3/2020 2:30,,,,95
9/3/2020 2:45,,,,93
9/3/2020 3:00,,,,93
9/3/2020 3:15,,,,92
9/3/2020 3:30,,,,95
9/3/2020 3:45,,,,93
9/3/2020 4:00,,,,92
9/3/2020 4:15,,,,91
9/3/2020 4:30,,,,78
9/3/2020 4:45,,,,72
9/3/2020 5:00,,,,80
9/3/2020 5:15,,,,112
9/3/2020 5:30,,,,113
9/3/2020 5:45,,,,117
9/3/2020 6:00,,,,111
9/3/2020 6:15,,,,106
9/3/2020 6:30,,,,106
9/3/2020 6:45,,,,104
9/3/2020 7:00,,,,103
9/3/2020 7:15,,,,101
9/3/2020 7:30,,,,101
9/3/2020 7:45,,,,100
9/3/2020 8:00,,,,101
9/3/2020 8:15,,,,102
9/3/2020 8:30,,,,104
9/3/2020 8:45,,,,104
9/3/2020 9:00,,,,106
9/3/2020 9:15,,,,107
9/3/2020 9:30,,,,109
9/3/2020 9:45,,,,115
9/3/2020 10:00,,,,113
9/3/2020 10:15,,,,110
9/3/2020 10:30,,,,112
9/3/2020 10:45,,,,111
9/3/2020 11:00,,,,108
9/3/2020 11:15,,,,109
9/3/2020 11:30,,,,108
9/3/2020 11:45,,,,112
9/3/2020 12:00,,,,112
9/3/2020 12:15,,,,113
9/3/2020 12:30,,,,117
9/3/2020 12:45,,,,113
9/3/2020 13:00,,,,112
9/3/2020 13:15,,,,114
9/3/2020 13:30,,,,113
9/3/2020 13:45,,,,84
9/3/2020 14:00,,,,84
9/3/2020 14:15,,,,88
9/3/2020 14:30,,,,88
9/3/2020 14:45,,,,87
9/3/2020 15:00,,,,101
9/3/2020 15:15,,,,101
9/3/2020 15:30,,,,100
9/3/2020 15:45,,,,80
9/3/2020 16:00,,,,69
9/3/2020 16:15,,,,55
9/3/2020 16:30,,,,59
9/3/2020 16:45,,,,59
9/3/2020 17:00,,,,58
9/3/2020 17:15,,,,58
9/3/2020 17:30,,,,59
9/3/2020 17:45,,,,67
9/3/2020 18:00,,,,78
9/3/2020 18:15,,,,76
9/3/2020 18:30,,,,31
9/3/2020 18:45,,,,54
9/3/2020 19:00,,,,67
9/3/2020 19:15,,,,102
9/3/2020 19:30,,,,100
9/3/2020 19:45,,,,79
9/3/2020 20:00,,,,51
9/3/2020 20:15,,,,46
9/3/2020 20:30,,,,44
9/3/2020 20:45,,,,45
9/3/2020 21:00,,,,50
9/3/2020 21:15,,,,58
9/3/2020 21:30,,,,56
9/3/2020 21:45,,,,56
9/3/2020 22:00,,,,57
9/3/2020 22:15,,,,44
9/3/2020 22:30,,,,41
9/3/2020 22:45,,,,40
9/3/2020 23:00,,,,40
9/3/2020 23:15,,,,43
9/3/2020 23:30,,,,55
9/3/2020 23:45,,,,67
9/4/2020 0:00,,,,71
9/4/2020 0:15,,,,72
9/4/2020 0:30,,,,58
9/4/2020 0:45,,,,52
9/4/2020 1:00,,,,52
9/4/2020 1:15,,,,52
9/4/2020 1:30,,,,52
9/4/2020 1:45,,,,51
9/4/2020 2:00,,,,52
9/4/2020 2:15,,,,55
9/4/2020 2:30,,,,54
9/4/2020 2:45,,,,53
9/4/2020 3:00,,,,54
9/4/2020 3:15,,,,53
9/4/2020 3:30,,,,53
9/4/2020 3:45,,,,52
9/4/2020 4:00,,,,52
9/4/2020 4:15,,,,53
9/4/2020 4:30,,,,53
9/4/2020 4:45,,,,51
9/4/2020 5:00,,,,51
9/4/2020 5:15,,,,52
9/4/2020 5:30,,,,60
9/4/2020 5:45,,,,77
9/4/2020 6:00,,,,88
9/4/2020 6:15,,,,85
9/4/2020 6:30,,,,60
9/4/2020 6:45,,,,57
9/4/2020 7:00,,,,57
9/4/2020 7:15,,,,56
9/4/2020 7:30,,,,60
9/4/2020 7:45,,,,58
9/4/2020 8:00,,,,63
9/4/2020 8:15,,,,76
9/4/2020 8:30,,,,98
9/4/2020 8:45,,,,104
9/4/2020 9:00,,,,144
9/4/2020 9:15,,,,128
9/4/2020 9:30,,,,107
9/4/2020 9:45,,,,105
9/4/2020 10:00,,,,105
9/4/2020 10:15,,,,106
9/4/2020 10:30,,,,108
9/4/2020 10:45,,,,107
9/4/2020 11:00,,,,105
9/4/2020 11:15,,,,103
9/4/2020 11:30,,,,105
9/4/2020 11:45,,,,106
9/4/2020 12:00,,,,109
9/4/2020 12:15,,,,108
9/4/2020 12:30,,,,110
9/4/2020 12:45,,,,109
9/4/2020 13:00,,,,111
9/4/2020 13:15,,,,108
9/4/2020 13:30,,,,108
9/4/2020 13:45,,,,106
9/4/2020 14:00,,,,107
9/4/2020 14:15,,,,107
9/4/2020 14:30,,,,85
9/4/2020 14:45,,,,120
9/4/2020 15:00,,,,118
9/4/2020 15:15,,,,114
9/4/2020 15:30,,,,111
9/4/2020 15:45,,,,114
9/4/2020 16:00,,,,116
9/4/2020 16:15,,,,112
9/4/2020 16:30,,,,109
9/4/2020 16:45,,,,109
9/4/2020 17:00,,,,112
9/4/2020 17:15,,,,113
9/4/2020 17:30,,,,115
9/4/2020 17:45,,,,115
9/4/2020 18:00,,,,115
9/4/2020 18:15,,,,113
9/4/2020 18:30,,,,110
9/4/2020 18:45,,,,113
9/4/2020 19:00,,,,117
9/4/2020 19:15,,,,113
9/4/2020 19:30,,,,112
9/4/2020 19:45,,,,113
9/4/2020 20:00,,,,114
9/4/2020 20:15,,,,113
9/4/2020 20:30,,,,112
9/4/2020 20:45,,,,110
9/4/2020 21:00,,,,111
9/4/2020 21:15,,,,112
9/4/2020 21:30,,,,112
9/4/2020 21:45,,,,111
9/4/2020 22:00,,,,111
9/4/2020 22:15,,,,110
9/4/2020 22:30,,,,111
9/4/2020 22:45,,,,106
9/4/2020 23:00,,,,103
9/4/2020 23:15,,,,105
9/4/2020 23:30,,,,107
9/4/2020 23:45,,,,107
9/5/2020 0:00,,,,105
9/5/2020 0:15,,,,104
9/5/2020 0:30,,,,104
9/5/2020 0:45,,,,106
9/5/2020 1:00,,,,104
9/5/2020 1:15,,,,102
9/5/2020 1:30,,,,103
9/5/2020 1:45,,,,102
9/5/2020 2:00,,,,101
9/5/2020 2:15,,,,104
9/5/2020 2:30,,,,103
9/5/2020 2:45,,,,102
9/5/2020 3:00,,,,100
9/5/2020 3:15,,,,81
9/5/2020 3:30,,,,74
9/5/2020 3:45,,,,79
9/5/2020 4:00,,,,92
9/5/2020 4:15,,,,112
9/5/2020 4:30,,,,119
9/5/2020 4:45,,,,110
9/5/2020 5:00,,,,110
9/5/2020 5:15,,,,107
9/5/2020 5:30,,,,109
9/5/2020 5:45,,,,108
9/5/2020 6:00,,,,108
9/5/2020 6:15,,,,107
9/5/2020 6:30,,,,107
9/5/2020 6:45,,,,105
9/5/2020 7:00,,,,103
9/5/2020 7:15,,,,106
9/5/2020 7:30,,,,106
9/5/2020 7:45,,,,109
9/5/2020 8:00,,,,111
9/5/2020 8:15,,,,112
9/5/2020 8:30,,,,111
9/5/2020 8:45,,,,112
9/5/2020 9:00,,,,112
9/5/2020 9:15,,,,109
9/5/2020 9:30,,,,111
9/5/2020 9:45,,,,107
9/5/2020 10:00,,,,106
9/5/2020 10:15,,,,106
9/5/2020 10:30,,,,106
9/5/2020 10:45,,,,104
9/5/2020 11:00,,,,104
9/5/2020 11:15,,,,103
9/5/2020 11:30,,,,102
9/5/2020 11:45,,,,103
9/5/2020 12:00,,,,103
9/5/2020 12:15,,,,103
9/5/2020 12:30,,,,103
9/5/2020 12:45,,,,105
9/5/2020 13:00,,,,110
9/5/2020 13:15,,,,113
9/5/2020 13:30,,,,113
9/5/2020 13:45,,,,111
9/5/2020 14:00,,,,108
9/5/2020 14:15,,,,114
9/5/2020 14:30,,,,109
9/5/2020 14:45,,,,107
9/5/2020 15:00,,,,106
9/5/2020 15:15,,,,106
9/5/2020 15:30,,,,107
9/5/2020 15:45,,,,105
9/5/2020 16:00,,,,104
9/5/2020 16:15,,,,105
9/5/2020 16:30,,,,104
9/5/2020 16:45,,,,104
9/5/2020 17:00,,,,104
9/5/2020 17:15,,,,104
9/5/2020 17:30,,,,103
9/5/2020 17:45,,,,103
9/5/2020 18:00,,,,102
9/5/2020 18:15,,,,101
9/5/2020 18:30,,,,102
9/5/2020 18:45,,,,105
9/5/2020 19:00,,,,107
9/5/2020 19:15,,,,106
9/5/2020 19:30,,,,104
9/5/2020 19:45,,,,102
9/5/2020 20:00,,,,102
9/5/2020 20:15,,,,101
9/5/2020 20:30,,,,99
9/5/2020 20:45,,,,99
9/5/2020 21:00,,,,100
9/5/2020 21:15,,,,103
9/5/2020 21:30,,,,101
9/5/2020 21:45,,,,100
9/5/2020 22:00,,,,99
9/5/2020 22:15,,,,96
9/5/2020 22:30,,,,100
9/5/2020 22:45,,,,94
9/5/2020 23:00,,,,94
9/5/2020 23:15,,,,97
9/5/2020 23:30,,,,96
9/5/2020 23:45,,,,98
9/6/2020 0:00,,,,97
9/6/2020 0:15,,,,94
9/6/2020 0:30,,,,99
9/6/2020 0:45,,,,97
9/6/2020 1:00,,,,95
9/6/2020 1:15,,,,96
9/6/2020 1:30,,,,99
9/6/2020 1:45,,,,98
9/6/2020 2:00,,,,99
9/6/2020 2:15,,,,99
9/6/2020 2:30,,,,98
9/6/2020 2:45,,,,96
9/6/2020 3:00,,,,98
9/6/2020 3:15,,,,100
9/6/2020 3:30,,,,102
9/6/2020 3:45,,,,103
9/6/2020 4:00,,,,101
9/6/2020 4:15,,,,104
9/6/2020 4:30,,,,103
9/6/2020 4:45,,,,102
9/6/2020 5:00,,,,100
9/6/2020 5:15,,,,103
9/6/2020 5:30,,,,101
9/6/2020 5:45,,,,102
9/6/2020 6:00,,,,101
9/6/2020 6:15,,,,103
9/6/2020 6:30,,,,102
9/6/2020 6:45,,,,102
9/6/2020 7:00,,,,102
9/6/2020 7:15,,,,100
9/6/2020 7:30,,,,102
9/6/2020 7:45,,,,104
9/6/2020 8:00,,,,104
9/6/2020 8:15,,,,102
9/6/2020 8:30,,,,101
9/6/2020 8:45,,,,104
9/6/2020 9:00,,,,103
9/6/2020 9:15,,,,102
9/6/2020 9:30,,,,105
9/6/2020 9:45,,,,108
9/6/2020 10:00,,,,105
9/6/2020 10:15,,,,105
9/6/2020 10:30,,,,103
9/6/2020 10:45,,,,104
9/6/2020 11:00,,,,112
9/6/2020 11:15,,,,113
9/6/2020 11:30,,,,111
9/6/2020 11:45,,,,109
9/6/2020 12:00,,,,108
9/6/2020 12:15,,,,108
9/6/2020 12:30,,,,107
9/6/2020 12:45,,,,105
9/6/2020 13:00,,,,106
9/6/2020 13:15,,,,106
9/6/2020 13:30,,,,108
9/6/2020 13:45,,,,115
9/6/2020 14:00,,,,116
9/6/2020 14:15,,,,117
9/6/2020 14:30,,,,117
9/6/2020 14:45,,,,117
9/6/2020 15:00,,,,114
9/6/2020 15:15,,,,112
9/6/2020 15:30,,,,111
9/6/2020 15:45,,,,110
9/6/2020 16:00,,,,109
9/6/2020 16:15,,,,109
9/6/2020 16:30,,,,110
9/6/2020 16:45,,,,117
9/6/2020 17:00,,,,118
9/6/2020 17:15,,,,118
9/6/2020 17:30,,,,115
9/6/2020 17:45,,,,113
9/6/2020 18:00,,,,112
9/6/2020 18:15,,,,111
9/6/2020 18:30,,,,111
9/6/2020 18:45,,,,109
9/6/2020 19:00,,,,107
9/6/2020 19:15,,,,110
9/6/2020 19:30,,,,115
9/6/2020 19:45,,,,116
9/6/2020 20:00,,,,119
9/6/2020 20:15,,,,116
9/6/2020 20:30,,,,113
9/6/2020 20:45,,,,112
9/6/2020 21:00,,,,112
9/6/2020 21:15,,,,110
9/6/2020 21:30,,,,110
9/6/2020 21:45,,,,108
9/6/2020 22:00,,,,106
9/6/2020 22:15,,,,105
9/6/2020 22:30,,,,104
9/6/2020 22:45,,,,108
9/6/2020 23:00,,,,109
9/6/2020 23:15,,,,107
9/6/2020 23:30,,,,106
9/6/2020 23:45,,,,103
9/7/2020 0:00,,,,103
9/7/2020 0:15,,,,103
9/7/2020 0:30,,,,103
9/7/2020 0:45,,,,105
9/7/2020 1:00,,,,102
9/7/2020 1:15,,,,99
9/7/2020 1:30,,,,99
9/7/2020 1:45,,,,104
9/7/2020 2:00,,,,101
9/7/2020 2:15,,,,99
9/7/2020 2:30,,,,100
9/7/2020 2:45,,,,103
9/7/2020 3:00,,,,100
9/7/2020 3:15,,,,100
9/7/2020 3:30,,,,102
9/7/2020 3:45,,,,101
9/7/2020 4:00,,,,100
9/7/2020 4:15,,,,102
9/7/2020 4:30,,,,101
9/7/2020 4:45,,,,102
9/7/2020 5:00,,,,100
9/7/2020 5:15,,,,103
9/7/2020 5:30,,,,101
9/7/2020 5:45,,,,102
9/7/2020 6:00,,,,103
9/7/2020 6:15,,,,104
9/7/2020 6:30,,,,105
9/7/2020 6:45,,,,102
9/7/2020 7:00,,,,104
9/7/2020 7:15,,,,104
9/7/2020 7:30,,,,101
9/7/2020 7:45,,,,104
9/7/2020 8:00,,,,102
9/7/2020 8:15,,,,101
9/7/2020 8:30,,,,102
9/7/2020 8:45,,,,103
9/7/2020 9:00,,,,72
9/7/2020 9:15,,,,93
9/7/2020 9:30,,,,98
9/7/2020 9:45,,,,97
9/7/2020 10:00,,,,103
9/7/2020 10:15,,,,103
9/7/2020 10:30,,,,103
9/7/2020 10:45,,,,104
9/7/2020 11:00,,,,102
9/7/2020 11:15,,,,99
9/7/2020 11:30,,,,98
9/7/2020 11:45,,,,103
9/7/2020 12:00,,,,95
9/7/2020 12:15,,,,94
9/7/2020 12:30,,,,94
9/7/2020 12:45,,,,97
9/7/2020 13:00,,,,105
9/7/2020 13:15,,,,98
9/7/2020 13:30,,,,96
9/7/2020 13:45,,,,97
9/7/2020 14:00,,,,96
9/7/2020 14:15,,,,98
9/7/2020 14:30,,,,99
9/7/2020 14:45,,,,105
9/7/2020 15:00,,,,100
9/7/2020 15:15,,,,98
9/7/2020 15:30,,,,96
9/7/2020 15:45,,,,93
9/7/2020 16:00,,,,93
9/7/2020 16:15,,,,94
9/7/2020 16:30,,,,100
9/7/2020 16:45,,,,102
9/7/2020 17:00,,,,98
9/7/2020 17:15,,,,97
9/7/2020 17:30,,,,95
9/7/2020 17:45,,,,96
9/7/2020 18:00,,,,95
9/7/2020 18:15,,,,96
9/7/2020 18:30,,,,94
9/7/2020 18:45,,,,99
9/7/2020 19:00,,,,102
9/7/2020 19:15,,,,103
9/7/2020 19:30,,,,98
9/7/2020 19:45,,,,99
9/7/2020 20:00,,,,96
9/7/2020 20:15,,,,96
9/7/2020 20:30,,,,93
9/7/2020 20:45,,,,92
9/7/2020 21:00,,,,92
9/7/2020 21:15,,,,95
9/7/2020 21:30,,,,98
9/7/2020 21:45,,,,93
9/7/2020 22:00,,,,92
9/7/2020 22:15,,,,91
9/7/2020 22:30,,,,90
9/7/2020 22:45,,,,95
9/7/2020 23:00,,,,94
9/7/2020 23:15,,,,91
9/7/2020 23:30,,,,88
9/7/2020 23:45,,,,90
9/8/2020 0:00,,,,76
9/8/2020 0:15,,,,68
9/8/2020 0:30,,,,76
9/8/2020 0:45,,,,85
9/8/2020 1:00,,,,94
9/8/2020 1:15,,,,99
9/8/2020 1:30,,,,96
9/8/2020 1:45,,,,101
9/8/2020 2:00,,,,99
9/8/2020 2:15,,,,97
9/8/2020 2:30,,,,94
9/8/2020 2:45,,,,95
9/8/2020 3:00,,,,94
9/8/2020 3:15,,,,98
9/8/2020 3:30,,,,94
9/8/2020 3:45,,,,93
9/8/2020 4:00,,,,93
9/8/2020 4:15,,,,93
9/8/2020 4:30,,,,90
9/8/2020 4:45,,,,91
9/8/2020 5:00,,,,91
9/8/2020 5:15,,,,89
9/8/2020 5:30,,,,93
9/8/2020 5:45,,,,93
9/8/2020 6:00,,,,93
9/8/2020 6:15,,,,95
9/8/2020 6:30,,,,96
9/8/2020 6:45,,,,94
9/8/2020 7:00,,,,94
9/8/2020 7:15,,,,95
9/8/2020 7:30,,,,93
9/8/2020 7:45,,,,97
9/8/2020 8:00,,,,95
9/8/2020 8:15,,,,95
9/8/2020 8:30,,,,75
9/8/2020 8:45,,,,69
9/8/2020 9:00,,,,68
9/8/2020 9:15,,,,62
9/8/2020 9:30,,,,56
9/8/2020 9:45,,,,63
9/8/2020 10:00,,,,68
9/8/2020 10:15,,,,88
9/8/2020 10:30,,,,99
9/8/2020 10:45,,,,100
9/8/2020 11:00,,,,100
9/8/2020 11:15,,,,101
9/8/2020 11:30,,,,101
9/8/2020 11:45,,,,101
9/8/2020 12:00,,,,101
9/8/2020 12:15,,,,101
9/8/2020 12:30,,,,100
9/8/2020 12:45,,,,101
9/8/2020 13:00,,,,101
9/8/2020 13:15,,,,101
9/8/2020 13:30,,,,100
9/8/2020 13:45,,,,100
9/8/2020 14:00,,,,99
9/8/2020 14:15,,,,73
9/8/2020 14:30,,,,50
9/8/2020 14:45,,,,47
9/8/2020 15:00,,,,47
9/8/2020 15:15,,,,49
9/8/2020 15:30,,,,51
9/8/2020 15:45,,,,66
9/8/2020 16:00,,,,90
9/8/2020 16:15,,,,99
9/8/2020 16:30,,,,101
9/8/2020 16:45,,,,101
9/8/2020 17:00,,,,101
9/8/2020 17:15,,,,101
9/8/2020 17:30,,,,102
9/8/2020 17:45,,,,98
9/8/2020 18:00,,,,90
9/8/2020 18:15,,,,96
9/8/2020 18:30,,,,98
9/8/2020 18:45,,,,94
9/8/2020 19:00,,,,72
9/8/2020 19:15,,,,65
9/8/2020 19:30,,,,62
9/8/2020 19:45,,,,58
9/8/2020 20:00,,,,56
9/8/2020 20:15,,,,49
9/8/2020 20:30,,,,49
9/8/2020 20:45,,,,47
9/8/2020 21:00,,,,48
9/8/2020 21:15,,,,47
9/8/2020 21:30,,,,46
9/8/2020 21:45,,,,47
9/8/2020 22:00,,,,48
9/8/2020 22:15,,,,44
9/8/2020 22:30,,,,45
9/8/2020 22:45,,,,43
9/8/2020 23:00,,,,42
9/8/2020 23:15,,,,36
9/8/2020 23:30,,,,36
9/8/2020 23:45,,,,36
9/9/2020 0:00,,,,37
9/9/2020 0:15,,,,35
9/9/2020 0:30,,,,35
9/9/2020 0:45,,,,37
9/9/2020 1:00,,,,40
9/9/2020 1:15,,,,44
9/9/2020 1:30,,,,44
9/9/2020 1:45,,,,46
9/9/2020 2:00,,,,50
9/9/2020 2:15,,,,52
9/9/2020 2:30,,,,53
9/9/2020 2:45,,,,53
9/9/2020 3:00,,,,51
9/9/2020 3:15,,,,50
9/9/2020 3:30,,,,48
9/9/2020 3:45,,,,48
9/9/2020 4:00,,,,48
9/9/2020 4:15,,,,49
9/9/2020 4:30,,,,50
9/9/2020 4:45,,,,51
9/9/2020 5:00,,,,52
9/9/2020 5:15,,,,59
9/9/2020 5:30,,,,75
9/9/2020 5:45,,,,88
9/9/2020 6:00,,,,93
9/9/2020 6:15,,,,91
9/9/2020 6:30,,,,90
9/9/2020 6:45,,,,86
9/9/2020 7:00,,,,61
9/9/2020 7:15,,,,56
9/9/2020 7:30,,,,55
9/9/2020 7:45,,,,55
9/9/2020 8:00,,,,57
9/9/2020 8:15,,,,62
9/9/2020 8:30,,,,72
9/9/2020 8:45,,,,80
9/9/2020 9:00,,,,88
9/9/2020 9:15,,,,89
9/9/2020 9:30,,,,74
9/9/2020 9:45,,,,102
9/9/2020 10:00,,,,101
9/9/2020 10:15,,,,100
9/9/2020 10:30,,,,101
9/9/2020 10:45,,,,102
9/9/2020 11:00,,,,102
9/9/2020 11:15,,,,102
9/9/2020 11:30,,,,105
9/9/2020 11:45,,,,107
9/9/2020 12:00,,,,107
9/9/2020 12:15,,,,108
9/9/2020 12:30,,,,104
9/9/2020 12:45,,,,103
9/9/2020 13:00,,,,101
9/9/2020 13:15,,,,102
9/9/2020 13:30,,,,102
9/9/2020 13:45,,,,103
9/9/2020 14:00,,,,103
9/9/2020 14:15,,,,102
9/9/2020 14:30,,,,103
9/9/2020 14:45,,,,104
9/9/2020 15:00,,,,106
9/9/2020 15:15,,,,106
9/9/2020 15:30,,,,105
9/9/2020 15:45,,,,105
9/9/2020 16:00,,,,107
9/9/2020 16:15,,,,107
9/9/2020 16:30,,,,108
9/9/2020 16:45,,,,107
9/9/2020 17:00,,,,109
9/9/2020 17:15,,,,108
9/9/2020 17:30,,,,108
9/9/2020 17:45,,,,107
9/9/2020 18:00,,,,108
9/9/2020 18:15,,,,110
9/9/2020 18:30,,,,109
9/9/2020 18:45,,,,109
9/9/2020 19:00,,,,109
9/9/2020 19:15,,,,107
9/9/2020 19:30,,,,108
9/9/2020 19:45,,,,108
9/9/2020 20:00,,,,104
9/9/2020 20:15,,,,104
9/9/2020 20:30,,,,104
9/9/2020 20:45,,,,129
9/9/2020 21:00,,,,137
9/9/2020 21:15,,,,135
9/9/2020 21:30,,,,135
9/9/2020 21:45,,,,121
9/9/2020 22:00,,,,108
9/9/2020 22:15,,,,85
9/9/2020 22:30,,,,73
9/9/2020 22:45,,,,75
9/9/2020 23:00,,,,77
9/9/2020 23:15,,,,76
9/9/2020 23:30,,,,76
9/9/2020 23:45,,,,72
9/10/2020 0:00,,,,73
9/10/2020 0:15,,,,78
9/10/2020 0:30,,,,81
9/10/2020 0:45,,,,79
9/10/2020 1:00,,,,81
9/10/2020 1:15,,,,84
9/10/2020 1:30,,,,81
9/10/2020 1:45,,,,82
9/10/2020 2:00,,,,82
9/10/2020 2:15,,,,81
9/10/2020 2:30,,,,80
9/10/2020 2:45,,,,80
9/10/2020 3:00,,,,79
9/10/2020 3:15,,,,80
9/10/2020 3:30,,,,81
9/10/2020 3:45,,,,82
9/10/2020 4:00,,,,82
9/10/2020 4:15,,,,83
9/10/2020 4:30,,,,86
9/10/2020 4:45,,,,85
9/10/2020 5:00,,,,86
9/10/2020 5:15,,,,89
9/10/2020 5:30,,,,98
9/10/2020 5:45,,,,105
9/10/2020 6:00,,,,108
9/10/2020 6:15,,,,105
9/10/2020 6:30,,,,105
9/10/2020 6:45,,,,102
9/10/2020 7:00,,,,102
9/10/2020 7:15,,,,102
9/10/2020 7:30,,,,102
9/10/2020 7:45,,,,102
9/10/2020 8:00,,,,102
9/10/2020 8:15,,,,103
9/10/2020 8:30,,,,101
9/10/2020 8:45,,,,101
9/10/2020 9:00,,,,101
9/10/2020 9:15,,,,100
9/10/2020 9:30,,,,102
9/10/2020 9:45,,,,103
9/10/2020 10:00,,,,109
9/10/2020 10:15,,,,116
9/10/2020 10:30,,,,116
9/10/2020 10:45,,,,118
9/10/2020 11:00,,,,122
9/10/2020 11:15,,,,124
9/10/2020 11:30,,,,125
9/10/2020 11:45,,,,125
9/10/2020 12:00,,,,125
9/10/2020 12:15,,,,124
9/10/2020 12:30,,,,126
9/10/2020 12:45,,,,124
9/10/2020 13:00,,,,123
9/10/2020 13:15,0,0,0,123
9/10/2020 13:30,0,0,0,123
9/10/2020 13:45,0,0,0,124
9/10/2020 14:00,0,0,0,123
9/10/2020 14:15,0,0,0,98
9/10/2020 14:30,0,0,0,91
9/10/2020 14:45,0,0,0,98
9/10/2020 15:00,0,0,0,137
9/10/2020 15:15,0,0,0,148
9/10/2020 15:30,0,0,0,134
9/10/2020 15:45,0,0,0,103
9/10/2020 16:00,0,0,0,100
9/10/2020 16:15,0,0,0,93
9/10/2020 16:30,0,0,0,89
9/10/2020 16:45,0,0,0,92
9/10/2020 17:00,0,0,0,94
9/10/2020 17:15,0,0,0,93
9/10/2020 17:30,0,0,0,95
9/10/2020 17:45,0,0,0,98
9/10/2020 18:00,0,0,0,100
9/10/2020 18:15,0,0,0,100
9/10/2020 18:30,0,0,0,101
9/10/2020 18:45,0,0,0,106
9/10/2020 19:00,0,0,0,105
9/10/2020 19:15,0,0,0,108
9/10/2020 19:30,0,0,0,109
9/10/2020 19:45,0,0,0,107
9/10/2020 20:00,0,0,0,108
9/10/2020 20:15,0,0,0,104
9/10/2020 20:30,0,0,0,99
9/10/2020 20:45,0,0,0,95
9/10/2020 21:00,0,0,0,94
9/10/2020 21:15,0,0,0,90
9/10/2020 21:30,0,0,0,91
9/10/2020 21:45,0,0,0,92
9/10/2020 22:00,0,0,0,93
9/10/2020 22:15,0,0,0,87
9/10/2020 22:30,0,0,0,67
9/10/2020 22:45,0,0,0,62
9/10/2020 23:00,0,0,0,67
9/10/2020 23:15,0,0,0,70
9/10/2020 23:30,0,0,0,76
9/10/2020 23:45,0,0,0,83
9/11/2020 0:00,0,0,0,84
9/11/2020 0:15,0,0,0,83
9/11/2020 0:30,0,0,0,80
9/11/2020 0:45,0,0,0,79
9/11/2020 1:00,0,0,0,77
9/11/2020 1:15,0,0,0,77
9/11/2020 1:30,0,0,0,78
9/11/2020 1:45,0,0,0,75
9/11/2020 2:00,0,0,0,75
9/11/2020 2:15,0,0,0,69
9/11/2020 2:30,0,0,0,66
9/11/2020 2:45,0,0,0,69
9/11/2020 3:00,0,0,0,67
9/11/2020 3:15,0,0,0,66
9/11/2020 3:30,0,0,0,67
9/11/2020 3:45,0,0,0,69
9/11/2020 4:00,0,0,0,80
9/11/2020 4:15,0,0,0,95
9/11/2020 4:30,0,0,0,107
9/11/2020 4:45,0,0,0,108
9/11/2020 5:00,0,0,0,104
9/11/2020 5:15,0,0,0,99
9/11/2020 5:30,0,0,0,97
9/11/2020 5:45,0,0,0,104
9/11/2020 6:00,0,0,0,106
9/11/2020 6:15,0,0,0,106
9/11/2020 6:30,0,0,0,108
9/11/2020 6:45,0,0,0,106
9/11/2020 7:00,0,0,0,105
9/11/2020 7:15,0,0,0,105
9/11/2020 7:30,0,0,0,107
9/11/2020 7:45,0,0,0,103
9/11/2020 8:00,0,0,0,99
9/11/2020 8:15,0,0,0,98
9/11/2020 8:30,0,0,0,100
9/11/2020 8:45,0,0,0,101
9/11/2020 9:00,0,0,0,103
9/11/2020 9:15,0,0,0,106
9/11/2020 9:30,0,0,0,97
9/11/2020 9:45,0,0,0,98
9/11/2020 10:00,0,0,0,99
9/11/2020 10:15,0,0,0,98
9/11/2020 10:30,0,0,0,98
9/11/2020 10:45,0,0,0,98
9/11/2020 11:00,0,0,0,98
9/11/2020 11:15,0,0,0,98
9/11/2020 11:30,0,0,0,98
9/11/2020 11:45,0,0,0,91
9/11/2020 12:00,0,0,0,98
9/11/2020 12:15,0,0,0,100
9/11/2020 12:30,0,0,0,99
9/11/2020 12:45,0,0,0,99
9/11/2020 13:00,0,0,0,98
9/11/2020 13:15,0,0,0,99
9/11/2020 13:30,0,0,0,100
9/11/2020 13:45,0,0,0,99
9/11/2020 14:00,0,0,0,99
9/11/2020 14:15,0,0,0,99
9/11/2020 14:30,0,0,0,101
9/11/2020 14:45,0,0,0,99
9/11/2020 15:00,0,0,0,101
9/11/2020 15:15,0,0,0,100
9/11/2020 15:30,0,0,0,96
9/11/2020 15:45,0,0,0,93
9/11/2020 16:00,0,0,0,76
9/11/2020 16:15,0,0,0,67
9/11/2020 16:30,0,0,0,70
9/11/2020 16:45,0,0,0,72
9/11/2020 17:00,0,0,0,75
9/11/2020 17:15,0,0,0,92
9/11/2020 17:30,0,0,0,100
9/11/2020 17:45,0,0,0,100
9/11/2020 18:00,0,0,0,98
9/11/2020 18:15,0,0,0,97
9/11/2020 18:30,0,0,0,97
9/11/2020 18:45,0,0,0,88
9/11/2020 19:00,0,0,0,78
9/11/2020 19:15,0,0,0,72
9/11/2020 19:30,0,0,0,78
9/11/2020 19:45,0,0,0,82
9/11/2020 20:00,0,0,0,93
9/11/2020 20:15,0,0,0,93
9/11/2020 20:30,0,0,0,90
9/11/2020 20:45,0,0,0,87
9/11/2020 21:00,0,0,0,84
9/11/2020 21:15,0,0,0,84
9/11/2020 21:30,0,0,0,77
9/11/2020 21:45,0,0,0,75
9/11/2020 22:00,0,0,0,71
9/11/2020 22:15,0,0,0,64
9/11/2020 22:30,0,0,0,63
9/11/2020 22:45,0,0,0,62
9/11/2020 23:00,0,0,0,67
9/11/2020 23:15,0,0,0,71
9/11/2020 23:30,0,0,0,84
9/11/2020 23:45,0,0,0,118
9/12/2020 0:00,0,0,0,139
9/12/2020 0:15,0,0,0,139
9/12/2020 0:30,0,0,0,115
9/12/2020 0:45,0,0,0,107
9/12/2020 1:00,0,0,0,100
9/12/2020 1:15,0,0,0,98
9/12/2020 1:30,0,0,0,98
9/12/2020 1:45,0,0,0,100
9/12/2020 2:00,0,0,0,101
9/12/2020 2:15,0,0,0,101
9/12/2020 2:30,0,0,0,100
9/12/2020 2:45,0,0,0,99
9/12/2020 3:00,0,0,0,97
9/12/2020 3:15,0,0,0,97
9/12/2020 3:30,0,0,0,100
9/12/2020 3:45,0,0,0,102
9/12/2020 4:00,0,0,0,101
9/12/2020 4:15,0,0,0,101
9/12/2020 4:30,0,0,0,105
9/12/2020 4:45,0,0,0,105
9/12/2020 5:00,0,0,0,110
9/12/2020 5:15,0,0,0,111
9/12/2020 5:30,0,0,0,111
9/12/2020 5:45,0,0,0,113
9/12/2020 6:00,0,0,0,109
9/12/2020 6:15,0,0,0,108
9/12/2020 6:30,0,0,0,110
9/12/2020 6:45,0,0,0,111
9/12/2020 7:00,0,0,0,113
9/12/2020 7:15,0,0,0,114
9/12/2020 7:30,0,0,0,122
9/12/2020 7:45,0,0,0,120
9/12/2020 8:00,0,0,0,119
9/12/2020 8:15,0,0,0,115
9/12/2020 8:30,0,0,0,116
9/12/2020 8:45,0,0,0,118
9/12/2020 9:00,0,0,0,118
9/12/2020 9:15,0,0,0,120
9/12/2020 9:30,0,0,0,118
9/12/2020 9:45,0,0,0,118
9/12/2020 10:00,0,0,0,114
9/12/2020 10:15,0,0,0,117
9/12/2020 10:30,0,0,0,124
9/12/2020 10:45,0,0,0,123
9/12/2020 11:00,0,0,0,122
9/12/2020 11:15,0,0,0,124
9/12/2020 11:30,0,0,0,125
9/12/2020 11:45,0,0,0,126
9/12/2020 12:00,0,0,0,127
9/12/2020 12:15,0,0,0,128
9/12/2020 12:30,0,0,0,128
9/12/2020 12:45,0,0,0,127
9/12/2020 13:00,0,0,0,128
9/12/2020 13:15,0,0,0,132
9/12/2020 13:30,0,0,0,136
9/12/2020 13:45,0,0,0,140
9/12/2020 14:00,0,0,0,145
9/12/2020 14:15,0,0,0,138
9/12/2020 14:30,0,0,0,131
9/12/2020 14:45,0,0,0,127
9/12/2020 15:00,0,0,0,117
9/12/2020 15:15,0,0,0,114
9/12/2020 15:30,0,0,0,115
9/12/2020 15:45,0,0,0,117
9/12/2020 16:00,0,0,0,118
9/12/2020 16:15,0,0,0,78
9/12/2020 16:30,0,0,0,102
9/12/2020 16:45,0,0,0,105
9/12/2020 17:00,0,0,0,110
9/12/2020 17:15,0,0,0,109
9/12/2020 17:30,0,0,0,107
9/12/2020 17:45,0,0,0,107
9/12/2020 18:00,0,0,0,109
9/12/2020 18:15,0,0,0,96
9/12/2020 18:30,0,0,0,82
9/12/2020 18:45,0,0,0,87
9/12/2020 19:00,0,0,0,89
9/12/2020 19:15,0,0,0,93
9/12/2020 19:30,0,0,0,91
9/12/2020 19:45,0,0,0,90
9/12/2020 20:00,0,0,0,87
9/12/2020 20:15,0,0,0,84
9/12/2020 20:30,0,0,0,79
9/12/2020 20:45,0,0,0,81
9/12/2020 21:00,0,0,0,67
9/12/2020 21:15,0,0,0,74
9/12/2020 21:30,0,0,0,88
9/12/2020 21:45,0,0,0,106
9/12/2020 22:00,0,0,0,112
9/12/2020 22:15,0,0,0,108
9/12/2020 22:30,0,0,0,98
9/12/2020 22:45,0,0,0,94
9/12/2020 23:00,0,0,0,80
9/12/2020 23:15,0,0,0,77
9/12/2020 23:30,0,0,0,80
9/12/2020 23:45,0,0,0,82
9/13/2020 0:00,0,0,0,87
9/13/2020 0:15,0,0,0,99
9/13/2020 0:30,0,0,0,101
9/13/2020 0:45,0,0,0,101
9/13/2020 1:00,0,0,0,100
9/13/2020 1:15,0,0,0,100
9/13/2020 1:30,0,0,0,97
9/13/2020 1:45,0,0,0,95
9/13/2020 2:00,0,0,0,96
9/13/2020 2:15,0,0,0,96
9/13/2020 2:30,0,0,0,92
9/13/2020 2:45,0,0,0,90
9/13/2020 3:00,0,0,0,93
9/13/2020 3:15,0,0,0,92
9/13/2020 3:30,0,0,0,93
9/13/2020 3:45,0,0,0,94
9/13/2020 4:00,0,0,0,95
9/13/2020 4:15,0,0,0,93
9/13/2020 4:30,0,0,0,93
9/13/2020 4:45,0,0,0,94
9/13/2020 5:00,0,0,0,93
9/13/2020 5:15,0,0,0,93
9/13/2020 5:30,0,0,0,92
9/13/2020 5:45,0,0,0,95
9/13/2020 6:00,0,0,0,94
9/13/2020 6:15,0,0,0,96
9/13/2020 6:30,0,0,0,98
9/13/2020 6:45,0,0,0,99
9/13/2020 7:00,0,0,0,100
9/13/2020 7:15,0,0,0,104
9/13/2020 7:30,0,0,0,103
9/13/2020 7:45,0,0,0,101
9/13/2020 8:00,0,0,0,100
9/13/2020 8:15,0,0,0,100
9/13/2020 8:30,0,0,0,100
9/13/2020 8:45,0,0,0,101
9/13/2020 9:00,0,0,0,102
9/13/2020 9:15,0,0,0,102
9/13/2020 9:30,0,0,0,103
9/13/2020 9:45,0,0,0,100
9/13/2020 10:00,0,0,0,98
9/13/2020 10:15,0,0,0,98
9/13/2020 10:30,0,0,0,98
9/13/2020 10:45,0,0,0,101
9/13/2020 11:00,0,0,0,103
9/13/2020 11:15,0,0,0,105
9/13/2020 11:30,0,0,0,107
9/13/2020 11:45,0,0,0,106
9/13/2020 12:00,0,0,0,108
9/13/2020 12:15,0,0,0,107
9/13/2020 12:30,0,0,0,109
9/13/2020 12:45,0,0,0,110
9/13/2020 13:00,0,0,0,112
9/13/2020 13:15,0,0,0,112
9/13/2020 13:30,0,0,0,112
9/13/2020 13:45,0,0,0,111
9/13/2020 14:00,0,0,0,110
9/13/2020 14:15,0,0,0,112
9/13/2020 14:30,0,0,0,111
9/13/2020 14:45,0,0,0,113
9/13/2020 15:00,0,0,0,113
9/13/2020 15:15,0,0,0,113
9/13/2020 15:30,0,0,0,113
9/13/2020 15:45,0,0,0,113
9/13/2020 16:00,0,0,0,111
9/13/2020 16:15,0,0,0,113
9/13/2020 16:30,0,0,0,113
9/13/2020 16:45,0,0,0,114
9/13/2020 17:00,0,0,0,115
9/13/2020 17:15,0,0,0,115
9/13/2020 17:30,0,0,0,117
9/13/2020 17:45,0,0,0,118
9/13/2020 18:00,0,0,0,116
9/13/2020 18:15,0,0,0,115
9/13/2020 18:30,0,0,0,116
9/13/2020 18:45,0,0,0,114
9/13/2020 19:00,0,0,0,112
9/13/2020 19:15,0,0,0,113
9/13/2020 19:30,0,0,0,110
9/13/2020 19:45,0,0,0,108
9/13/2020 20:00,0,0,0,106
9/13/2020 20:15,0,0,0,100
9/13/2020 20:30,0,0,0,94
9/13/2020 20:45,0,0,0,93
9/13/2020 21:00,0,0,0,95
9/13/2020 21:15,0,0,0,94
9/13/2020 21:30,0,0,0,95
9/13/2020 21:45,0,0,0,95
9/13/2020 22:00,0,0,0,96
9/13/2020 22:15,0,0,0,95
9/13/2020 22:30,0,0,0,90
9/13/2020 22:45,0,0,0,90
9/13/2020 23:00,0,0,0,89
9/13/2020 23:15,0,0,0,88
9/13/2020 23:30,0,0,0,86
9/13/2020 23:45,0,0,0,87
9/14/2020 0:00,0,0,0,86
9/14/2020 0:15,0,0,0,85
9/14/2020 0:30,0,0,0,81
9/14/2020 0:45,0,0,0,84
9/14/2020 1:00,0,0,0,83
9/14/2020 1:15,0,0,0,79
9/14/2020 1:30,0,0,0,80
9/14/2020 1:45,0,0,0,78
9/14/2020 2:00,0,0,0,79
9/14/2020 2:15,0,0,0,80
9/14/2020 2:30,0,0,0,80
9/14/2020 2:45,0,0,0,79
9/14/2020 3:00,0,0,0,77
9/14/2020 3:15,0,0,0,76
9/14/2020 3:30,0,0,0,76
9/14/2020 3:45,0,0,0,75
9/14/2020 4:00,0,0,0,75
9/14/2020 4:15,0,0,0,73
9/14/2020 4:30,0,0,0,69
9/14/2020 4:45,0,0,0,68
9/14/2020 5:00,0,0,0,67
9/14/2020 5:15,0,0,0,71
9/14/2020 5:30,0,0,0,72
9/14/2020 5:45,0,0,0,78
9/14/2020 6:00,0,0,0,84
9/14/2020 6:15,0,0,0,89
9/14/2020 6:30,0,0,0,89
9/14/2020 6:45,0,0,0,88
9/14/2020 7:00,0,0,0,85
9/14/2020 7:15,0,0,0,85
9/14/2020 7:30,0,0,0,84
9/14/2020 7:45,0,0,0,84
9/14/2020 8:00,0,0,0,84
9/14/2020 8:15,0,0,0,85
9/14/2020 8:30,0,0,0,88
9/14/2020 8:45,0,0,0,89
9/14/2020 9:00,0,0,0,93
9/14/2020 9:15,0,0,0,94
9/14/2020 9:30,0,0,0,97
9/14/2020 9:45,0,0,0,101
9/14/2020 10:00,0,0,0,107
9/14/2020 10:15,0,0,0,107
9/14/2020 10:30,0,0,0,110
9/14/2020 10:45,0,0,0,115
9/14/2020 11:00,0,0,0,113
9/14/2020 11:15,0,0,0,115
9/14/2020 11:30,0,0,0,118
9/14/2020 11:45,0,0,0,119
9/14/2020 12:00,0,0,0,120
9/14/2020 12:15,0,0,0,125
9/14/2020 12:30,0,0,0,128
9/14/2020 12:45,0,0,0,131
9/14/2020 13:00,0,0,0,128
9/14/2020 13:15,0,0,0,128
9/14/2020 13:30,0,0,0,131
9/14/2020 13:45,0,0,0,130
9/14/2020 14:00,0,0,0,127
9/14/2020 14:15,0,0,0,95
9/14/2020 14:30,0,0,0,80
9/14/2020 14:45,0,0,0,88
9/14/2020 15:00,0,0,0,97
9/14/2020 15:15,0,0,0,108
9/14/2020 15:30,136,0,0,118
9/14/2020 15:45,138,0,0,117
9/14/2020 16:00,135,0,0,117
9/14/2020 16:15,137,0,0,115
9/14/2020 16:30,136,0,0,115
9/14/2020 16:45,129,0,0,110
9/14/2020 17:00,130,0,0,109
9/14/2020 17:15,132,0,0,106
9/14/2020 17:30,131,0,0,106
9/14/2020 17:45,130,0,0,103
9/14/2020 18:00,128,0,0,101
9/14/2020 18:15,128,0,0,99
9/14/2020 18:30,128,0,0,101
9/14/2020 18:45,128,0,0,93
9/14/2020 19:00,126,0,0,79
9/14/2020 19:15,126,0,0,81
9/14/2020 19:30,125,0,0,84
9/14/2020 19:45,127,0,0,85
9/14/2020 20:00,127,0,0,80
9/14/2020 20:15,125,0,0,111
9/14/2020 20:30,124,0,0,112
9/14/2020 20:45,127,0,0,91
9/14/2020 21:00,125,0,0,84
9/14/2020 21:15,123,0,0,81
9/14/2020 21:30,122,0,0,81
9/14/2020 21:45,121,0,0,82
9/14/2020 22:00,122,0,0,83
9/14/2020 22:15,122,0,0,79
9/14/2020 22:30,119,0,0,82
9/14/2020 22:45,120,0,0,76
9/14/2020 23:00,120,0,0,74
9/14/2020 23:15,119,0,0,71
9/14/2020 23:30,118,0,0,69
9/14/2020 23:45,119,0,0,69
9/15/2020 0:00,119,0,0,69
9/15/2020 0:15,118,0,0,66
9/15/2020 0:30,118,0,0,68
9/15/2020 0:45,119,0,0,67
9/15/2020 1:00,116,0,0,68
9/15/2020 1:15,118,0,0,67
9/15/2020 1:30,119,0,0,64
9/15/2020 1:45,116,0,0,65
9/15/2020 2:00,117,0,0,66
9/15/2020 2:15,119,0,0,66
9/15/2020 2:30,118,0,0,61
9/15/2020 2:45,119,0,0,61
9/15/2020 3:00,116,0,0,60
9/15/2020 3:15,117,0,0,59
9/15/2020 3:30,117,0,0,63
9/15/2020 3:45,119,0,0,79
9/15/2020 4:00,118,0,0,104
9/15/2020 4:15,118,0,0,107
9/15/2020 4:30,121,0,0,103
9/15/2020 4:45,119,0,0,85
9/15/2020 5:00,120,0,0,79
9/15/2020 5:15,122,0,0,67
9/15/2020 5:30,121,0,0,65
9/15/2020 5:45,124,0,0,67
9/15/2020 6:00,124,0,0,69
9/15/2020 6:15,125,0,0,73
9/15/2020 6:30,124,0,0,83
9/15/2020 6:45,125,0,0,89
9/15/2020 7:00,123,0,0,87
9/15/2020 7:15,126,0,0,84
9/15/2020 7:30,125,0,0,82
9/15/2020 7:45,124,0,0,80
9/15/2020 8:00,128,0,0,76
9/15/2020 8:15,128,0,0,64
9/15/2020 8:30,126,0,0,56
9/15/2020 8:45,127,0,0,52
9/15/2020 9:00,128,0,0,50
9/15/2020 9:15,127,0,0,50
9/15/2020 9:30,127,0,0,50
9/15/2020 9:45,198,45,0,50
9/15/2020 10:00,200,46,0,50
9/15/2020 10:15,201,50,0,60
9/15/2020 10:30,200,48,0,78
9/15/2020 10:45,203,49,0,93
9/15/2020 11:00,202,48,0,99
9/15/2020 11:15,203,48,0,96
9/15/2020 11:30,202,50,0,86
9/15/2020 11:45,203,48,0,73
9/15/2020 12:00,206,49,0,66
9/15/2020 12:15,201,50,0,65
9/15/2020 12:30,203,51,0,69
9/15/2020 12:45,200,50,0,75
9/15/2020 13:00,206,48,0,78
9/15/2020 13:15,207,50,0,77
9/15/2020 13:30,204,49,0,80
9/15/2020 13:45,203,50,0,86
9/15/2020 14:00,205,56,0,88
9/15/2020 14:15,204,51,0,89
9/15/2020 14:30,203,52,0,92
9/15/2020 14:45,201,51,0,91
9/15/2020 15:00,28,48,0,90
9/15/2020 15:15,30,49,0,95
9/15/2020 15:30,29,40,0,106
9/15/2020 15:45,28,46,0,109
9/15/2020 16:00,30,47,0,105
9/15/2020 16:15,29,48,0,103
9/15/2020 16:30,29,47,0,87
9/15/2020 16:45,29,46,0,83
9/15/2020 17:00,28,49,0,80
9/15/2020 17:15,29,48,0,80
9/15/2020 17:30,29,47,0,83
9/15/2020 17:45,29,47,0,82
9/15/2020 18:00,28,47,0,85
9/15/2020 18:15,28,47,0,86
9/15/2020 18:30,27,48,0,85
9/15/2020 18:45,28,47,0,86
9/15/2020 19:00,27,47,0,86
9/15/2020 19:15,28,47,0,84
9/15/2020 19:30,28,48,0,84
9/15/2020 19:45,27,47,0,82
9/15/2020 20:00,28,48,0,82
9/15/2020 20:15,29,47,0,82
9/15/2020 20:30,31,48,0,78
9/15/2020 20:45,30,47,0,79
9/15/2020 21:00,30,49,0,72
9/15/2020 21:15,30,50,0,69
9/15/2020 21:30,28,49,0,68
9/15/2020 21:45,30,47,0,70
9/15/2020 22:00,30,44,0,70
9/15/2020 22:15,29,45,0,70
9/15/2020 22:30,29,45,0,66
9/15/2020 22:45,29,44,0,65
9/15/2020 23:00,29,45,0,63
9/15/2020 23:15,28,45,0,61
9/15/2020 23:30,28,44,0,61
9/15/2020 23:45,27,43,0,57
9/16/2020 0:00,27,42,0,55
9/16/2020 0:15,27,41,0,55
9/16/2020 0:30,27,41,0,55
9/16/2020 0:45,26,41,0,55
9/16/2020 1:00,26,40,0,56
9/16/2020 1:15,25,40,0,55
9/16/2020 1:30,26,40,0,54
9/16/2020 1:45,25,40,0,55
9/16/2020 2:00,25,39,0,54
9/16/2020 2:15,25,39,0,54
9/16/2020 2:30,25,38,0,53
9/16/2020 2:45,24,38,0,54
9/16/2020 3:00,25,38,0,52
9/16/2020 3:15,25,38,0,49
9/16/2020 3:30,25,38,0,49
9/16/2020 3:45,25,38,0,47
9/16/2020 4:00,25,38,0,48
9/16/2020 4:15,25,38,0,51
9/16/2020 4:30,25,37,0,56
9/16/2020 4:45,24,37,0,70
9/16/2020 5:00,24,37,0,86
9/16/2020 5:15,25,38,0,98
9/16/2020 5:30,24,39,0,93
9/16/2020 5:45,24,39,0,86
9/16/2020 6:00,24,43,0,77
9/16/2020 6:15,25,43,0,74
9/16/2020 6:30,24,40,0,70
9/16/2020 6:45,24,40,0,70
9/16/2020 7:00,25,40,0,69
9/16/2020 7:15,25,41,0,68
9/16/2020 7:30,24,40,0,63
9/16/2020 7:45,25,40,0,61
9/16/2020 8:00,25,40,0,53
9/16/2020 8:15,26,42,0,48
9/16/2020 8:30,26,42,0,48
9/16/2020 8:45,26,42,0,50
9/16/2020 9:00,28,41,0,52
9/16/2020 9:15,27,42,0,53
9/16/2020 9:30,27,42,0,64
9/16/2020 9:45,27,43,0,78
9/16/2020 10:00,27,43,0,84
9/16/2020 10:15,29,45,0,97
9/16/2020 10:30,28,47,0,98
9/16/2020 10:45,28,45,0,103
9/16/2020 11:00,28,48,0,101
9/16/2020 11:15,28,46,0,101
9/16/2020 11:30,31,46,0,102
9/16/2020 11:45,29,48,0,105
9/16/2020 12:00,29,47,0,108
9/16/2020 12:15,30,48,0,106
9/16/2020 12:30,31,47,0,104
9/16/2020 12:45,29,49,0,108
9/16/2020 13:00,29,47,0,106
9/16/2020 13:15,32,48,0,110
9/16/2020 13:30,31,50,0,109
9/16/2020 13:45,30,49,0,114
9/16/2020 14:00,29,49,0,113
9/16/2020 14:15,30,50,0,115
9/16/2020 14:30,29,48,0,101
9/16/2020 14:45,30,48,0,122
9/16/2020 15:00,30,48,0,127
9/16/2020 15:15,31,50,0,131
9/16/2020 15:30,30,49,0,125
9/16/2020 15:45,29,51,0,119
9/16/2020 16:00,29,50,0,125
9/16/2020 16:15,29,49,0,125
9/16/2020 16:30,30,49,0,123
9/16/2020 16:45,28,47,0,123
9/16/2020 17:00,28,46,0,119
9/16/2020 17:15,28,45,0,109
9/16/2020 17:30,28,47,0,95
9/16/2020 17:45,28,48,0,89
9/16/2020 18:00,29,49,0,91
9/16/2020 18:15,28,49,0,92
9/16/2020 18:30,29,48,0,88
9/16/2020 18:45,28,47,0,82
9/16/2020 19:00,28,47,0,83
9/16/2020 19:15,27,47,0,83
9/16/2020 19:30,30,45,0,81
9/16/2020 19:45,29,47,0,83
9/16/2020 20:00,29,46,0,84
9/16/2020 20:15,29,46,0,83
9/16/2020 20:30,29,46,0,82
9/16/2020 20:45,28,47,0,82
9/16/2020 21:00,29,46,0,82
9/16/2020 21:15,29,49,0,82
9/16/2020 21:30,29,49,0,84
9/16/2020 21:45,30,44,0,84
9/16/2020 22:00,29,44,0,85
9/16/2020 22:15,30,44,0,82
9/16/2020 22:30,30,44,0,81
9/16/2020 22:45,29,55,0,81
9/16/2020 23:00,29,52,0,80
9/16/2020 23:15,29,50,0,81
9/16/2020 23:30,29,49,0,81
9/16/2020 23:45,28,49,0,83
9/17/2020 0:00,27,47,0,84
9/17/2020 0:15,27,45,0,82
9/17/2020 0:30,27,44,0,81
9/17/2020 0:45,27,44,0,79
9/17/2020 1:00,26,44,0,80
9/17/2020 1:15,26,43,0,78
9/17/2020 1:30,25,43,0,79
9/17/2020 1:45,25,45,0,78
9/17/2020 2:00,25,43,0,78
9/17/2020 2:15,25,43,0,78
9/17/2020 2:30,25,43,0,77
9/17/2020 2:45,24,42,0,77
9/17/2020 3:00,25,42,0,78
9/17/2020 3:15,24,42,0,78
9/17/2020 3:30,25,41,0,76
9/17/2020 3:45,24,42,0,79
9/17/2020 4:00,24,41,0,78
9/17/2020 4:15,24,38,0,77
9/17/2020 4:30,24,39,0,78
9/17/2020 4:45,24,40,0,78
9/17/2020 5:00,24,40,0,77
9/17/2020 5:15,25,41,0,76
9/17/2020 5:30,24,42,0,77
9/17/2020 5:45,24,44,0,80
9/17/2020 6:00,24,46,0,79
9/17/2020 6:15,24,37,0,82
9/17/2020 6:30,25,36,0,82
9/17/2020 6:45,25,50,0,82
9/17/2020 7:00,25,45,0,83
9/17/2020 7:15,25,47,0,82
9/17/2020 7:30,25,47,0,81
9/17/2020 7:45,25,37,0,83
9/17/2020 8:00,26,41,0,85
9/17/2020 8:15,25,36,0,85
9/17/2020 8:30,26,37,0,89
9/17/2020 8:45,26,49,0,88
9/17/2020 9:00,28,55,0,88
9/17/2020 9:15,28,53,0,88
9/17/2020 9:30,29,53,0,88
9/17/2020 9:45,30,54,0,92
9/17/2020 10:00,28,56,0,92
9/17/2020 10:15,29,57,0,92
9/17/2020 10:30,31,56,0,91
9/17/2020 10:45,30,55,0,95
9/17/2020 11:00,32,57,0,95
9/17/2020 11:15,33,56,0,91
9/17/2020 11:30,32,59,0,93
9/17/2020 11:45,32,59,0,80
9/17/2020 12:00,32,58,0,72
9/17/2020 12:15,34,57,0,78
9/17/2020 12:30,32,58,0,79
9/17/2020 12:45,30,57,0,83
9/17/2020 13:00,31,59,0,82
9/17/2020 13:15,30,60,0,78
9/17/2020 13:30,32,60,0,79
9/17/2020 13:45,32,59,0,79
9/17/2020 14:00,31,60,0,80
9/17/2020 14:15,32,61,0,75
9/17/2020 14:30,31,64,0,77
9/17/2020 14:45,33,60,0,78
9/17/2020 15:00,31,60,0,78
9/17/2020 15:15,33,60,0,74
9/17/2020 15:30,31,60,0,83
9/17/2020 15:45,31,61,0,76
9/17/2020 16:00,31,60,0,77
9/17/2020 16:15,31,58,0,79
9/17/2020 16:30,30,58,0,80
9/17/2020 16:45,30,57,0,78
9/17/2020 17:00,31,55,0,81
9/17/2020 17:15,30,57,0,82
9/17/2020 17:30,31,56,0,83
9/17/2020 17:45,30,57,0,88
9/17/2020 18:00,30,57,0,91
9/17/2020 18:15,29,57,0,93
9/17/2020 18:30,30,56,0,95
9/17/2020 18:45,30,55,0,93
9/17/2020 19:00,29,55,0,95
9/17/2020 19:15,29,59,0,95
9/17/2020 19:30,30,57,0,95
9/17/2020 19:45,29,57,0,94
9/17/2020 20:00,30,54,0,92
9/17/2020 20:15,30,55,0,91
9/17/2020 20:30,29,56,0,91
9/17/2020 20:45,30,53,0,91
9/17/2020 21:00,29,53,0,89
9/17/2020 21:15,30,54,0,90
9/17/2020 21:30,30,53,0,87
9/17/2020 21:45,29,50,0,88
9/17/2020 22:00,30,50,0,87
9/17/2020 22:15,30,50,0,85
9/17/2020 22:30,29,49,0,85
9/17/2020 22:45,29,49,0,85
9/17/2020 23:00,28,48,0,86
9/17/2020 23:15,29,46,0,84
9/17/2020 23:30,27,44,0,84
9/17/2020 23:45,27,45,0,86
9/18/2020 0:00,28,44,0,85
